Бренд;Тип_детали;Артикул_Бренда;Артикул_Кросс;Оригинальный_номер;Наименование;Категория;Код;Артикул;Единица;Главная категория
KYB;Рулевой наконечник;KTR1130;CEHO-47;;CEHO-47 KTR1130 наконечник рулевой KYB;555/SE рулевые наконечники;LEN00001971;3027270;шт;555
KYB;Рулевой наконечник;KTR1131;CEHO-48;;CEHO-48 KTR1131 наконечник рулевой KYB;555/SE рулевые наконечники;LEN00011901;;шт;555
KYB;Шаровая опора;KBJ1002;CBT-56;;CBT-56 KBJ1002 шаровые опоры KYB;CHASE/SB шаровые опоры;759;;шт;CHASE
KYB;Рулевой наконечник;KTR1230;CET-115L;;CET-115L KTR1230 рулевой наконечник KYB;CHASE/SE рулевой наконечник;LEN00010045;;шт;CHASE
KYB;Рулевой наконечник;KTR1229;CET-115R;;CET-115R KTR1229 рулевой наконечник KYB;CHASE/SE рулевой наконечник;LEN00010046;;шт;CHASE
KYB;Стойка стабилизатора;KSLF1014;CLT-69;;CLT-69 KSLF1014 тяга стабилизатора KYB;CHASE/SL стойки стабилизатора;739;48820-33020;шт;CHASE
KYB;Шаровая опора;KBJ1052;CBT-48;;CBT-48 KBJ1052 шаровая опора KYB;CTR/CB шаровая опора;LEN00009988;77076;шт;CTR
KYB;Рулевой наконечник;KTR1078;CEHO-12;;CEHO-12 KTR1078 рулевой наконечник KYB;CTR/CE рулевой наконечник;LEN00010675;;шт;CTR
KYB;Рулевой наконечник;KTR1079;CEHO-13;;CEHO-13 KTR1079  рулевой наконечник KYB;CTR/CE рулевой наконечник;LEN00010073;;шт;CTR
KYB;Рулевой наконечник;KTR1278;CEMZ-55;;CEMZ-55 KTR1278  наконечник рулевой тяги KYB;CTR/CE рулевой наконечник;LEN00012670;;шт;CTR
KYB;Рулевой наконечник;KTR1279;CEMZ-56;;CEMZ-56 KTR1279  наконечник рулевой тяги KYB;CTR/CE рулевой наконечник;LEN00012671;;шт;CTR
KYB;Рулевой наконечник;;CET-114;45046-29325;CET-114 рулевой наконечник 45046-29325 KYB;CTR/CE рулевой наконечник;LEN00009633;;шт;CTR
KYB;Стойка стабилизатора;KSLF1074;CLT-40;;CLT-40 KSLF1074 стойка стабилизатора KYB;CTR/CL стойка стабилизатора;LEN00010872;771025;шт;CTR
KYB;Тяга рулевая;KRE1095;CRT-23;;CRT-23 KRE1095 тяга рулевая KYB;CTR/CR тяга рулевая;LEN00011322;77256;шт;CTR
KYB;Стойка стабилизатора;KLSF1080;CLT-7;;CLT-7 KLSF1080 стойка стабилизатора KYB;LYNX/SL стойка стабилизатора;LEN00009764;;шт;LYNX
KYB;Стойка стабилизатора;KLSF1079;CLT-8;;CLT-8 KLSF1079 стойка стабилизатора KYB;LYNX/SL стойка стабилизатора;LEN00009765;;шт;LYNX
Avantech;Стойка стабилизатора;ASL0121;CLT-30;;CLT-30 ASL0121 стойка стабилизатора AVANTECH;555/SL стойки стабилизатора;LEN00013498;;шт;555
Avantech;Тяга рулевая;ARE0232;;;ARE0232 тяга рулевая AVANTECH;555/SR рулевые тяги;LEN00011123;;шт;555
Avantech;Тяга рулевая;ARE0219;CRN-25;;CRN-25/ARE0219 тяга рулевая AVANTECH;555/SR рулевые тяги;LEN00006315;;шт;555
Avantech;Тяга рулевая;ARE0212;CRN-8;;CRN-8/ARE0212 тяга рулевая AVANTECH;555/SR рулевые тяги;LEN00012760;;шт;555
Avantech;Шаровая опора;ABJ0301;CBHO-16;;CBHO-16 ABJ0301 шаровая опора  AVANTECH;CHASE/SB шаровые опоры;779;;шт;CHASE
Avantech;Рулевой наконечник;ATE0227R;CEN-124;;CEN-124 ATE0227R рулевой наконечник AVANTECH;CHASE/SE рулевой наконечник;LEN00010653;;шт;CHASE
Avantech;Рулевой наконечник;ATE0227L;CEN-125;;CEN-125 ATE0227L рулевой наконечник AVANTECH;CHASE/SE рулевой наконечник;LEN00010652;;шт;CHASE
Avantech;Рулевой наконечник;ATE0235L;CEN-153L;;CEN-153L ATE0235L рулевой наконечник AVANTECH;CHASE/SE рулевой наконечник;LEN00014391;;шт;CHASE
Avantech;Рулевой наконечник;ATE0235R;CEN-153R;;CEN-153R ATE0235R рулевой наконечник AVANTECH;CHASE/SE рулевой наконечник;LEN00014390;;шт;CHASE
Avantech;Рулевой наконечник;ATE0128R;CET-151;;CET-151 ATE0128R  рулевой наконечник AVANTECH;CHASE/SE рулевой наконечник;1849;;шт;CHASE
Avantech;Рулевой наконечник;ATE0128L;CET-152;;CET-152 ATE0128L рулевой наконечник AVANTECH;CHASE/SE рулевой наконечник;1848;;шт;CHASE
Avantech;Шаровая опора;ABJ0125;CBT-30;;CBT-30 ABJ0125 шаровая опора AVANTECH;CTR/CB шаровая опора;LEN00012529;;шт;CTR
Avantech;Шаровая опора;ABJ0102;CBT-40;;CBT-40 ABJ0102  шаровая опора AVANTECH;CTR/CB шаровая опора;LEN00004849;;шт;CTR
Avantech;Рулевой наконечник;ATE0319;CEHO-66L;;CEHO-66L ATE0319 рулевой наконечник AVANTECH;CTR/CE рулевой наконечник;LEN00013334;;шт;CTR
Avantech;Рулевой наконечник;ATE0404;CEMZ-34;;CEMZ-34 ATE0404 рулевой наконечник AVANTECH;CTR/CE рулевой наконечник;LEN00011224;;шт;CTR
Avantech;Рулевой наконечник;ATE0228;CEN-78;;CEN-78 ATE0228 рулевой наконечник  AVANTECH;CTR/CE рулевой наконечник;LEN00011216;77131;шт;CTR
Avantech;Рулевой наконечник;ATE0228;CEN-79;;CEN-79 ATE0228 рулевой наконечник AVANTECH;CTR/CE рулевой наконечник;LEN00012758;;шт;CTR
Avantech;Рулевой наконечник;ATE0702;CES-5;;CES-5 ATE0702 рулевой наконечник AVANTECH;CTR/CE рулевой наконечник;LEN00012459;;шт;CTR
Avantech;Рулевой наконечник;ATE0109;CET-68;;CET-68/ATE0109 рулевой наконечник  AVANTECH;CTR/CE рулевой наконечник;LEN00012528;;шт;CTR
Avantech;Стойка стабилизатора;ASL0108;CLT-41;;CLT-41 ASL0108 стойка стабилизатора AVANTECH;CTR/CL стойка стабилизатора;AMR00000385;;шт;CTR
Avantech;Стойка стабилизатора;ASL0124;CLT-49;;CLT-49 ASL0124 стойка стабилизатора  AVANTECH;CTR/CL стойка стабилизатора;LEN00013702;;шт;CTR
Avantech;Стойка стабилизатора;ASL0140;CLT-56;;CLT-56 ASL0140 стойка стабилизатора AVANTECH;CTR/CL стойка стабилизатора;LEN00014410;;шт;CTR
Avantech;Тяга рулевая;ARE0325;CRHO-54;;CRHO-54 ARE0325 тяга рулевая AVANTECH/SR-H120;CTR/CR тяга рулевая;LEN00009703;;шт;CTR
Avantech;Шаровая опора;ABJ0313;CBHO-56;;CBHO-56 ABJ0313 шаровая опора AVANTECH;LYNX/SB опора шаровая;LEN00012461;;шт;LYNX
Avantech;Шаровая опора;ABJ0101;CBT-84;;CBT-84 ABJ0101 шаровая опора AVANTECH;LYNX/SB опора шаровая;LEN00011283;;шт;LYNX
JIKIU;Стойка стабилизатора;LS22017L;SL-N690L;;SL-N690L LS22017L стойка стабилизатора JIKIU;555/SL стойки стабилизатора;LEN00010053;;шт;555
JIKIU;Стойка стабилизатора;LS22017R;SL-N690R;;SL-N690R LS22017R стойка стабилизатора JIKIU;555/SL стойки стабилизатора;LEN00010054;;шт;555
JIKIU;Стойка стабилизатора;LS28200R;CLHO-58;;CLHO-58 LS28200R стойка стабилизатора JIKIU;CTR/CL стойка стабилизатора;LEN00009830;;шт;CTR
JIKIU;Стойка стабилизатора;LS28200L;CLHO-59;;CLHO-59 LS28200L стойка стабилизатора JIKIU;CTR/CL стойка стабилизатора;LEN00009831;;шт;CTR
JIKIU;Стойка стабилизатора;BLK43003;;;BLK43003 стойка стабилизатора  JIKIU;LYNX/SL стойка стабилизатора;LEN00009853;;шт;LYNX
JIKIU;Шаровая опора;JB25005;;;JB25005  шаровая опора JIKIU;TI-GUAR/ШАРОВЫЕ ОПОРЫ;LEN00012146;;шт;TI-GUAR
RBI;Стойка стабилизатора;;;48830-42020;48830-42020 стойка стабилизатора RBI;555/SL стойки стабилизатора;AMR00001028;T27RV10E;шт;555
RBI;Стойка стабилизатора;;;48819-10010;0123-EXZ10F стойка стабилизатора 48819-10010 rbi;CHASE/SL стойки стабилизатора;AMR00000969;T27S010;шт;CHASE
RBI;Стойка стабилизатора;;CLHO-45;51320-SAE-T01;CLHO-45 51320-SAE-T01тяга стаб. CITY 2006,JAZZ FR RH RBI;CHASE/SL стойки стабилизатора;2229;O27205FR;шт;CHASE
RBI;Стойка стабилизатора;;CLHO-46;51321-SAE-T01;CLHO-46 51321-SAE-T01тяга стаб. CITY 2006,JAZZ FR LH RBI;CHASE/SL стойки стабилизатора;2230;O27205FL;шт;CHASE
RBI;Стойка стабилизатора;SL-4740;CLN-1;54618-50Y00;CLN-1  54618-50Y00 тяга стаб.CLN-1/SL-4740  RBI;CHASE/SL стойки стабилизатора;AMR00000970;N2729F;шт;CHASE
RBI;Стойка стабилизатора;SL-4740;CLT-1;;CLT-1 SL-4740 стойка стаб. RBI;CHASE/SL стойки стабилизатора;AMR00000125;54618-50Y00;шт;CHASE
RBI;Стойка стабилизатора;;;48820-02050;48820-02050 стойка стабилизатора  RBI;CTR/CL стойка стабилизатора;AMR00002175;T27W110F;шт;CTR
RBI;Стойка стабилизатора;;;48820-02100;48820-02100 стойка стабилизатора  RBI;CTR/CL стойка стабилизатора;AMR00002198;T27ЯУ141F;шт;CTR
FEBI;Шаровая опора;18130;;;18130  шаровая опора FEBI;CHASE/SB шаровые опоры;LEN00004860;;шт;CHASE
FEBI;Стойка стабилизатора;;CLM-24;MR992310;CLM-24 MR992310 тяга стабилизатора L-200 правая FEBI;CHASE/SL стойки стабилизатора;2319;;шт;CHASE
FEBI;Стойка стабилизатора;27299;;;27299 стойка стабилизатора FEBI;CTR/CL стойка стабилизатора;LEN00004560;;шт;CTR
JETT;Шаровая опора;V61-048;CBT-73;;CBT-73/V61-048   шаровые опоры JETT;CHASE/SB шаровые опоры;762;;шт;CHASE
JETT;Шаровая опора;V61-116;;;V61-116 шаровая опора JETT;CHASE/SB шаровые опоры;LEN00014917;;шт;CHASE
JETT;Рычаг маятниковый;V91-135;CAT-44;;CAT-44 V91-135 рычаг маятниковый JETT;CTR/CA рычаг маятниковый;LEN00014649;;шт;CTR
JETT;Рулевой наконечник;;CEHO-66L;V71-106L;CEHO-66L V71-106L рулевой наконечник JETT;CTR/CE рулевой наконечник;LEN00014382;;шт;CTR
JETT;Рулевой наконечник;;CEHO-66R;V71-106R;CEHO-66R V71-106R рулевой наконечник JETT;CTR/CE рулевой наконечник;LEN00013326;;шт;CTR
JETT;Рулевой наконечник;V71-086;CEN-81;;CEN-81 V71-086 рулевой наконечник JETT;CTR/CE рулевой наконечник;LEN00014635;;шт;CTR
JETT;Рулевой наконечник;V71-087;CEN-82;;CEN-82 V71-087 рулевой наконечник JETT;CTR/CE рулевой наконечник;LEN00014636;;шт;CTR
JETT;Рулевой наконечник;;CET-98;V71-012L;CET-98 рулевой наконечник V71-012L JETT;CTR/CE рулевой наконечник;LEN00007097;;шт;CTR
JETT;Рулевой наконечник;;CET-99;45046-59026;CET-99 /45046-59026 рулевой наконечникV71-012R JETT;CTR/CE рулевой наконечник;LEN00007098;;шт;CTR
JETT;Стойка стабилизатора;V51-022;CLT-69;;CLT-69 V51-022 стойка стабилизатора JETT;CTR/CL стойка стабилизатора;LEN00007676;;шт;CTR
JETT;Тяга рулевая;V81-011;CRT-28;;CRT-28 V81-011 тяга рулевая JETT;CTR/CR тяга рулевая;LEN00004005;;шт;CTR
JETT;Тяга рулевая;V81-012;CRT-34;;CRT-34 V81-012 тяга рулевая JETT;CTR/CR тяга рулевая;LEN00004848;;шт;CTR
JETT;Тяга рулевая;V81-014;CRT-47;;CRT-47 тяга рулевая V81-014 JETT;CTR/CR тяга рулевая;LEN00007099;;шт;CTR
JETT;Рулевой наконечник;V71-001;CET-59;;CET-59 V71-001 рулевой наконечник JETT;LYNX/SE рулевые наконечники;LEN00007178;;шт;LYNX
JETT;Шаровая опора;V61-001;CBT-40;;CBT-40 V61-001 шаровая опора JETT;TI-GUAR/ШАРОВЫЕ ОПОРЫ;LEN00014884;;шт;TI-GUAR
SAT;Стойка стабилизатора;;;20420-AA004;20420-AA004 тяга стаб. FR SAT;CHASE/SL стойки стабилизатора;LEN00005494;;шт;CHASE
SAT;Стойка стабилизатора;;;20481-AA001;20481-AA001 тяга стаб. RR SAT;CHASE/SL стойки стабилизатора;LEN00005495;;шт;CHASE
SAT;Стойка стабилизатора;;;48820-28020;ML-9015 тяга стаб. 48820-28020 SAT;CHASE/SL стойки стабилизатора;LEN00003740;ML-9015;шт;CHASE
SAT;Тяга рулевая;;;53010-S47-003;0322-RF1 53010-S47-003 рулевая тяга HONDA STEP WG 96- SAT;CHASE/SR рулевые тяги;LEN00002257;;шт;CHASE
SAT;Шаровая опора;;;43330-29545;43330-29545 шарова опора NOAH/LITACE SAT;CTR/CB шаровая опора;LEN00004509;;шт;CTR
SAT;Шаровая опора;SB-6191;CBHO-28;;CBHO-28 шаровая опора /SB-6191/ SAT;CTR/CB шаровая опора;LEN00004412;;шт;CTR
SAT;Шаровая опора;SB-6182;CBHO-6;;CBHO-6 шаровая опора /SB-6182 SB-6192/ SAT;CTR/CB шаровая опора;LEN00004080;;шт;CTR
SAT;Рулевой наконечник;;;45046-87041;45046-87041 рулевой наконечник SAT;CTR/CE рулевой наконечник;LEN00006123;SAT;шт;CTR
SAT;Рулевой наконечник;;CEM-27;MR831043;CEM-27 MR831043 рулевой наконечник  SAT;CTR/CE рулевой наконечник;LEN00005411;;шт;CTR
SAT;Рулевой наконечник;SE-4831;CEN-98;;CEN-98 рулевой наконечник /SE-4831/ SAT;CTR/CE рулевой наконечник;LEN00004563;;шт;CTR
SAT;Стойка стабилизатора;SL-6320L;CLHO-22;51321-S2H-003;CLHO-22, 51321-S2H-003 стойка стабилизатора /SL-6320L/ SAT;CTR/CL стойка стабилизатора;LEN00004626;;шт;CTR
SAT;Стойка стабилизатора;;CLHO-59;;CLHO-59 стойка стабилизатора SAT;CTR/CL стойка стабилизатора;LEN00004561;;шт;CTR
SAT;Стойка стабилизатора;;CLMZ-40;BP4K-28-170E;CLMZ-40 BP4K-28-170E стойка стабилизатора SAT;CTR/CL стойка стабилизатора;LEN00005378;;шт;CTR
SAT;Стойка стабилизатора;;CLN-15;;CLN-15 стойка стабилизатора /SAT;CTR/CL стойка стабилизатора;LEN00004073;;шт;CTR
SAT;Стойка стабилизатора;SL-2935;CLT-16;;CLT-16 стойка стабилизатора/SL-2935/ SAT;CTR/CL стойка стабилизатора;LEN00004587;;шт;CTR
SAT;Стойка стабилизатора;;CLT-4;48820-33010;CLT-4, 48820-33010 стойка стабилизатора SAT;CTR/CL стойка стабилизатора;LEN00004633;;шт;CTR
SAT;Стойка стабилизатора;SL-3920;CLT-50;48820-42020;CLT-50 /48820-42020/стойка стабилизатора /SL-3920/SAT;CTR/CL стойка стабилизатора;LEN00003992;;шт;CTR
SAT;Стойка стабилизатора;ST-6001547138;;;ST-6001547138 линк стабилизатора SAT;CTR/CL стойка стабилизатора;LEN00006217;;шт;CTR
SAT;Тяга рулевая;;;45503-29545;45503-29545 тяга рулевая TOYOTA HIACE SAT;CTR/CR тяга рулевая;LEN00005585;;шт;CTR
SAT;Тяга рулевая;;CRN-22;48521-4M485;CRN-22 48521-4M485 тяга рулевая  SAT;CTR/CR тяга рулевая;LEN00004625;;шт;CTR
SAT;Тяга рулевая;;CRT-129;45503-B1020;CRT-129 45503-B1020 тяга рулевая TOYOTA PASSO/BB SAT;CTR/CR тяга рулевая;LEN00002566;;шт;CTR
SAT;Тяга рулевая;;CRT-50;45503-39075;CRT-50, 45503-39075 тяга рулевая SAT;CTR/CR тяга рулевая;LEN00004687;;шт;CTR
SAT;Стойка стабилизатора;;;52320-S5A-003;52320-S5A-003 стойка стабилизатора  SAT;SUFIX/стойки стабилизатора;LEN00004564;;шт;SUFIX
SAT;Стойка стабилизатора;;;52321-S5A-003;52321-S5A-003 стойка стабилизатора  SAT;SUFIX/стойки стабилизатора;LEN00005366;;шт;SUFIX
SAT;Стойка стабилизатора;ST-54618-AU000;CLN-40;54618-AU000;CLN-40 ST-54618-AU000 стойка стабилизатора SAT;SUFIX/стойки стабилизатора;LEN00004580;;шт;SUFIX
SAT;Стойка стабилизатора;SL-3830;CLT-41;48820-22041;CLT-41/48820-22041/ стойка стабилизатора /SL-3830/ SAT;SUFIX/стойки стабилизатора;LEN00003991;;шт;SUFIX
SAT;Стойка стабилизатора;;CLT-57;48830-33040;CLT-57 /48830-33040/стойка стабилизатора SAT;SUFIX/стойки стабилизатора;LEN00004411;;шт;SUFIX
SAT;Тяга рулевая;;CRT-113;45503-29425;CRT-113 45503-29425 тяга рулевая SAT;SUFIX/тяги рулевые;LEN00004588;;шт;SUFIX
SAT;Тяга рулевая;;CRT-73;45503-49095;CRT-73 тяга рулевая 45503-49095 SAT;SUFIX/тяги рулевые;LEN00006118;;шт;SUFIX
SAT;Шаровая опора;SB-3561;CBT-48;;CBT-48 шаровая опора /SB-3561/ SAT;SUFIX/шаровые опоры;LEN00004598;;шт;SUFIX
SAT;Шаровая опора;;CBT-91;48068-29265;CBT-91 48068-29265 шаровые опоры нижняя ACM2# SAT;SUFIX/шаровые опоры;LEN00001169;;шт;SUFIX
Febest;Тяга рулевая;0422-H57;;;0422-H57  рулевая тяга FEBEST;CHASE/SR рулевые тяги;LEN00009445;;шт;CHASE
MILES;Рулевой наконечник;DC17094;CET-115L;;CET-115L DC17094  рулевой наконечник MILES;CHASE/SE рулевой наконечник;LEN00010335;;шт;CHASE
MILES;Рулевой наконечник;DC17095;CET-115R;;CET-115R DC17095 рулевой наконечник MILES;CHASE/SE рулевой наконечник;LEN00010336;;шт;CHASE
MILES;Стойка стабилизатора;DB78054;CLT-7;;CLT-7 /DB78054 стойка стабилизатора MILES;CTR/CL стойка стабилизатора;LEN00011209;;шт;CTR
MILES;Стойка стабилизатора;DB78055;CLT-8;;CLT-8 /DB78055 стойка стабилизатора MILES;CTR/CL стойка стабилизатора;LEN00011210;;шт;CTR
MILES;Шаровая опора;DB35070;C1090LR;;C1090LR DB35070 шаровая опора Miles;LYNX/SB опора шаровая;LEN00013219;;шт;LYNX
MILES;Шаровая опора;DB35008;;;DB35008 шаровая опора MILES;LYNX/SB опора шаровая;LEN00005876;;шт;LYNX
Aplus;Рулевой наконечник;13559AP;CET-126L;;CET-126L 13559AP рулевой наконечник APlus;LYNX/SE рулевые наконечники;LEN00011889;77877;шт;LYNX
Aplus;Рулевой наконечник;13581AP;CET-126R;;CET-126R 13581AP рулевой наконечник APlus;LYNX/SE рулевые наконечники;LEN00011888;77877;шт;LYNX
Tenacity;Стойка стабилизатора;SL-3775;;48830-28010;SL-3775 48830-28010 стойка стабилизатора TENACITY;CHASE/SL стойки стабилизатора;LEN00012124;ATLTO1085;шт;CHASE
R8;Стойка стабилизатора;;;48810-30010;48810-30010 тяга стаб. R8;CHASE/SL стойки стабилизатора;LEN00005413;;шт;CHASE
R8;Стойка стабилизатора;;;48820-30030;48820-30030 тяга стаб. R8;CHASE/SL стойки стабилизатора;LEN00005409;;шт;CHASE
Sidem;Стойка стабилизатора;41562;;;41562 стойка стабилизатора Sidem;CHASE/SL стойки стабилизатора;LEN00014385;;шт;CHASE
Blue Print;Стойка стабилизатора;ADT385100;;;ADT385100 стойка стабилизатора Blue Print;CHASE/SL стойки стабилизатора;LEN00006570;;шт;CHASE
Blue Print;Стойка стабилизатора;;;MR954888;MR954888 стойка стаб. перед. MITSUBISHI LIBERO Blue Print;CTR/CL стойка стабилизатора;AMR00002036;ACD48544;шт;CTR
GMB;Тяга рулевая;8050310;CRHO-17;;CRHO-17 08050310  рулевая тяга CR-V RD-1,RD2 95- GMB;CHASE/SR рулевые тяги;LEN00008376;53010-S10-000;шт;CHASE
GMB;Рулевой наконечник;0705-0152;CEHO-6L;;CEHO-6L рулевой наконечник 0705-0152 GMB;CTR/CE рулевой наконечник;LEN00005408;77085;шт;CTR
GMB;Рулевой наконечник;0705-0151;CEHO-6R;;CEHO-6R рулевой наконечник 0705-0151 GMB;CTR/CE рулевой наконечник;LEN00009964;77085;шт;CTR
GMB;Рулевой наконечник;0701-0812;CET-98;;CET-98 0701-0812 рулевой наконечник GMB;CTR/CE рулевой наконечник;LEN00004012;;шт;CTR
GMB;Рулевой наконечник;0701-0811;CET-99;;CET-99 0701-0811 рулевой наконечник GMB;CTR/CE рулевой наконечник;LEN00004017;;шт;CTR
GMB;Тяга рулевая;0801-0640;CRT-47;;CRT-47 0801-0640 тяга рулевая GMB;CTR/CR тяга рулевая;LEN00004016;;шт;CTR
GMB;Шаровая опора;0101-0725;CBT-16;;CBT-16 0101-0725 шаровая опора GMB;LYNX/SB опора шаровая;LEN00009936;;шт;LYNX
GMB;Стойка стабилизатора;1005-0370;CLHO-70;;CLHO-70 1005-0370 стойка стабилизатора  GMB;LYNX/SL стойка стабилизатора;LEN00015071;;шт;LYNX
MASUMA;Стойка стабилизатора;ML-7875;CLM-18;MR403771;CLM-18/ML-7875 тяга стаб. MR 403771 MASUMA;CHASE/SL стойки стабилизатора;2313;MR 403771;шт;CHASE
MASUMA;Стойка стабилизатора;ML-9015;;48820-28020;ML-9015 тяга стаб. 48820-28020 MASUMA;CHASE/SL стойки стабилизатора;LEN00003600;ML-9015;шт;CHASE
Baikor;Тяга рулевая;BKSR0027;;;BKSR0027 тяга рулевая BAIKOR;CHASE/SR рулевые тяги;LEN00012956;;шт;CHASE
Nipparts;Стойка стабилизатора;J4972007;CLT-8;;CLT-8 J4972007 стойка стабилизатора NIPPARTS;LYNX/SL стойка стабилизатора;LEN00011181;;шт;LYNX
PARTRA;Тяга рулевая;AJ5045;CRT-54;;CRT-54 /AJ5045 рулевая тяга PARTRA;TI-GUAR/ТЯГИ РУЛЕВЫЕ;LEN00013199;;шт;TI-GUAR
Tatsumi;Тяга рулевая;TED1054;;;TED1054 рулевая тяга TATSUMI;LYNX/SR Тяга рулевая;LEN00013302;;шт;LYNX
QSTEN;Тяга рулевая;;;;A01RE10660 рулевая тяга NZE12 QSTEN;LYNX/SR Тяга рулевая;LEN00001066;;шт;LYNX
CTR;Тяга рулевая;CRMZ-4;SR-1410;;CRMZ-4 SR-1410 рулевая тяга Bongo 83- Bongo 4wd 84 CTR;CHASE/SR рулевые тяги;1865;C2078LR;шт;CHASE
AISK;Стойка стабилизатора;;CLT-14;48810-33010;CLT-14 48810-33010 тяга стабилизатора SXV20 MCU10 FR AISK;CHASE/SL стойки стабилизатора;738;;шт;CHASE
AISK;Стойка стабилизатора;SL195;CLT-42;;CLT-42 SL195 тяга стабилизатора SV35 AISK;CHASE/SL стойки стабилизатора;LEN00001808;48830-32040;шт;CHASE
AISK;Стойка стабилизатора;SL-2935;;;SL-2935 тяга стабилизатора SV4#/ACU1#/SXV10 AISK;CHASE/SL стойки стабилизатора;732;48830-33010;шт;CHASE
BM;Стойка стабилизатора;TR2472;;;TR 2472 Стойка стабилизатора | перед, прав, лев | BM;CHASE/SL стойки стабилизатора;LEN00011887;;шт;CHASE
OEM;Рулевой наконечник;;;45046-69236;45046-69236 Наконечник рулевой тяги | прав | Toyota;555/SE рулевые наконечники;LEN00014760;;шт;555
OEM;Рулевой наконечник;;;45047-69146;45047-69146 Наконечник рулевой тяги | лев | Toyota;555/SE рулевые наконечники;LEN00014759;;шт;555
OEM;Стойка стабилизатора;;CLMZ-33;S10H-34-150;CLMZ-33/S10H-34-150  тяга стаб. MAZDA (МАГНИТОФОН);CHASE/SL стойки стабилизатора;LEN00005836;;шт;CHASE
OEM;Стойка стабилизатора;SL-4840;CLN-16;54618-0W001;CLN-16 SL-4840 /54618-0W001/ тяга стабилизатора TERRANO 50 OEM;CHASE/SL стойки стабилизатора;LEN00000149;54618-0W001;шт;CHASE
OEM;Шаровая опора;SB-3542;CBT-16;;CBT-16 шаровая опора /SB-3542 SB-2452/;CTR/CB шаровая опора;152;77054;шт;CTR
OEM;Шаровая опора;;CBT-41;;CBT-41 шаровая опора;CTR/CB шаровая опора;LEN00003391;;шт;CTR
OEM;Шаровая опора;;;;HB400206 шарова опора HANSE;CTR/CB шаровая опора;LEN00008008;;шт;CTR
OEM;Рулевой наконечник;SE-6231;CEHO-12;;CEHO-12 рулевой наконечник /SE-6231/;CTR/CE рулевой наконечник;AMR00000777;77078;шт;CTR
OEM;Рулевой наконечник;SE-6241;CEHO-13;;CEHO-13 рулевой наконечник /SE-6241/;CTR/CE рулевой наконечник;AMR00000790;77282;шт;CTR
OEM;Рулевой наконечник;;CEHO-37;;CEHO-37 рулевой наконечник;CTR/CE рулевой наконечник;LEN00003341;;шт;CTR
OEM;Рулевой наконечник;;CEHO-38;;CEHO-38 рулевой наконечник;CTR/CE рулевой наконечник;LEN00003342;;шт;CTR
OEM;Рулевой наконечник;;CEHO-41;;CEHO-41 рулевой наконечник;CTR/CE рулевой наконечник;LEN00001396;3000709;шт;CTR
OEM;Рулевой наконечник;;CEHO-43;;CEHO-43 рулевой наконечник;CTR/CE рулевой наконечник;LEN00003211;;шт;CTR
OEM;Рулевой наконечник;;CEHO-44;;CEHO-44 рулевой наконечник;CTR/CE рулевой наконечник;LEN00003870;;шт;CTR
OEM;Рулевой наконечник;;CEHO-4L;;CEHO-4L рулевой наконечник;CTR/CE рулевой наконечник;LEN00001506;77083;шт;CTR
OEM;Рулевой наконечник;;CEHO-4R;;CEHO-4R рулевой наконечник;CTR/CE рулевой наконечник;LEN00001505;77084;шт;CTR
OEM;Рулевой наконечник;SE-6211L;CEHO-7L;;CEHO-7L рулевой наконечник /SE-6211L/;CTR/CE рулевой наконечник;2078;77087;шт;CTR
OEM;Рулевой наконечник;SE-6211R;CEHO-7R;;CEHO-7R рулевой наконечник /SE-6211R/;CTR/CE рулевой наконечник;2079;77088;шт;CTR
OEM;Рулевой наконечник;;CEN-97;;CEN-97 рулевой наконечник;CTR/CE рулевой наконечник;LEN00003336;;шт;CTR
OEM;Рулевой наконечник;;CEN-99;;CEN-99 рулевой наконечник;CTR/CE рулевой наконечник;LEN00001360;77605;шт;CTR
OEM;Рулевой наконечник;SE-7591L;CES-16L;;CES-16L рулевой наконечник /SE-7591L /;CTR/CE рулевой наконечник;AMR00001783;77358;шт;CTR
OEM;Рулевой наконечник;SE-7591R;CES-16R;;CES-16R рулевой наконечник /SE-7591R /;CTR/CE рулевой наконечник;AMR00001784;77359;шт;CTR
OEM;Рулевой наконечник;;CESU-6;;CESU-6 рулевой наконечник;CTR/CE рулевой наконечник;LEN00004129;;шт;CTR
OEM;Рулевой наконечник;;CET-98;45047-59026;CET-98 /45047-59026 рулевой наконечник ОРИГИНАЛ;CTR/CE рулевой наконечник;LEN00005454;;шт;CTR
OEM;Рулевой наконечник;;CET-99;45046-59026;CET-99 /45046-59026 рулевой наконечник ОРИГИНАЛ;CTR/CE рулевой наконечник;LEN00005455;;шт;CTR
OEM;Рулевой наконечник;;;D350-32-280A;D350-32-280A наконечник рулевой GP;CTR/CE рулевой наконечник;LEN00005297;;шт;CTR
OEM;Рулевой наконечник;;;D350-32-290A;D350-32-290A наконечник рулевой GP;CTR/CE рулевой наконечник;LEN00005298;;шт;CTR
OEM;Стойка стабилизатора;;;48819-52010;0123-YAR 48819-52010 стойка стабилизатора  PERFECT;CTR/CL стойка стабилизатора;AMR00001621;TO-14-NC42;шт;CTR
OEM;Стойка стабилизатора;;;48810-60051;48810-60051 стойка стабилизатора TOYOTA;CTR/CL стойка стабилизатора;LEN00014775;;шт;CTR
OEM;Стойка стабилизатора;;;48810-60060;48810-60060 стойка стабилизатора TOYOTA;CTR/CL стойка стабилизатора;LEN00014776;;шт;CTR
OEM;Стойка стабилизатора;;;48820-42030;48820-42030 стойка стабилизатора TOYOTA;CTR/CL стойка стабилизатора;LEN00005914;;шт;CTR
OEM;Стойка стабилизатора;;;48820-60032;48820-60032 стойка стабилизатора TOYOTA;CTR/CL стойка стабилизатора;LEN00014779;;шт;CTR
OEM;Стойка стабилизатора;;;48820-60071;48820-60071 стойка стабилизатора TOYOTA;CTR/CL стойка стабилизатора;LEN00014777;;шт;CTR
OEM;Стойка стабилизатора;;;48820-60082;48820-60082 стойка стабилизатора TOYOTA;CTR/CL стойка стабилизатора;LEN00014778;;шт;CTR
OEM;Стойка стабилизатора;;CLHO-55;;CLHO-55 стойка стабилизатора;CTR/CL стойка стабилизатора;AMR00001038;3000660;шт;CTR
OEM;Стойка стабилизатора;;CLHO-65;;CLHO-65 стойка стабилизатора;CTR/CL стойка стабилизатора;LEN00001004;3038604;шт;CTR
OEM;Стойка стабилизатора;;CLHO-66;;CLHO-66 стойка стабилизатора;CTR/CL стойка стабилизатора;LEN00001005;3038606;шт;CTR
OEM;Стойка стабилизатора;;CLHO-67;;CLHO-67 стойка стабилизатора;CTR/CL стойка стабилизатора;LEN00001006;3038223;шт;CTR
OEM;Стойка стабилизатора;;CLM-19;MR267875;CLM-19 MR267875 стойка стабилизатора MITSUBISHI (ПАНКРАТ);CTR/CL стойка стабилизатора;LEN00005008;89243849896;шт;CTR
OEM;Стойка стабилизатора;SL-1610R;CLMZ-2;;CLMZ-2 стойка стабилизатора /SL-1610R/;CTR/CL стойка стабилизатора;1363;77199;шт;CTR
OEM;Стойка стабилизатора;SL-1610L;CLMZ-3;;CLMZ-3 стойка стабилизатора /SL-1610L/;CTR/CL стойка стабилизатора;1364;77200;шт;CTR
OEM;Стойка стабилизатора;;CLN-22;24-1067;CLN-22 24-1067 стойка стабилизатора NGN;CTR/CL стойка стабилизатора;LEN00015062;;шт;CTR
OEM;Стойка стабилизатора;;CLN-23;24-1066;CLN-23 24-1066 стойка стабилизатора NGN;CTR/CL стойка стабилизатора;LEN00015063;;шт;CTR
OEM;Стойка стабилизатора;SL-2800;CLT-1;;CLT-1 стойка стабилизатора /SL-2800/;CTR/CL стойка стабилизатора;AMR00001975;77206;шт;CTR
OEM;Стойка стабилизатора;;CLT-20;;CLT-20 стойка стабилизатора;CTR/CL стойка стабилизатора;LEN00003385;;шт;CTR
OEM;Стойка стабилизатора;SL-2820R;CLT-5;;CLT-5 стойка стабилизатора /SL-2820R/;CTR/CL стойка стабилизатора;2131;77216;шт;CTR
OEM;Стойка стабилизатора;SL-2820L;CLT-6;;CLT-6 стойка стабилизатора /SL-2820L/;CTR/CL стойка стабилизатора;2132;77313;шт;CTR
OEM;Стойка стабилизатора;;CLT-7;JSL-0040L;CLT-7 /JSL-0040L стойка стабилизатора JUST DRIVE;CTR/CL стойка стабилизатора;LEN00001644;;шт;CTR
OEM;Стойка стабилизатора;;CLT-7;;CLT-7,8 пара стойка стабилизатора  DELTA;CTR/CL стойка стабилизатора;LEN00005654;;шт;CTR
OEM;Стойка стабилизатора;SL-2900R;CLT-73;;CLT-73 стойка стабилизатора /SL-2900R/ СTR;CTR/CL стойка стабилизатора;AMR00000876;771277;шт;CTR
OEM;Стойка стабилизатора;SL-2900L;CLT-74;;CLT-74 стойка стабилизатора /SL-2900L/ СTR;CTR/CL стойка стабилизатора;AMR00000877;771278;шт;CTR
OEM;Стойка стабилизатора;;CLT-75;;CLT-75 стойка стабилизатора СTR;CTR/CL стойка стабилизатора;LEN00004320;;шт;CTR
OEM;Стойка стабилизатора;;CLT-8;JSL-0040R;CLT-8 /JSL-0040R стойка стабилизатора JUST DRIVE;CTR/CL стойка стабилизатора;LEN00001645;;шт;CTR
OEM;Тяга рулевая;SR-6210;CRHO-13;;CRHO-13 тяга рулевая /SR-6210/;CTR/CR тяга рулевая;2080;77225;шт;CTR
OEM;Тяга рулевая;;CRHO-29;;CRHO-29 тяга рулевая;CTR/CR тяга рулевая;AMR00001006;77971;шт;CTR
OEM;Тяга рулевая;;CRHO-31;;CRHO-31 тяга рулевая;CTR/CR тяга рулевая;LEN00003344;;шт;CTR
OEM;Тяга рулевая;;CRHO-35;;CRHO-35 тяга рулевая;CTR/CR тяга рулевая;LEN00000109;771254;шт;CTR
OEM;Тяга рулевая;;CRHO-41;;CRHO-41 тяга рулевая;CTR/CR тяга рулевая;AMR00002151;3000818;шт;CTR
OEM;Тяга рулевая;;CRMZ-24L;;CRMZ-24L тяга рулевая;CTR/CR тяга рулевая;AMR00000492;77578;шт;CTR
OEM;Тяга рулевая;;CRMZ-24R;;CRMZ-24R тяга рулевая;CTR/CR тяга рулевая;AMR00000491;77579;шт;CTR
OEM;Тяга рулевая;;CRMZ-32;;CRMZ-32 тяга рулевая;CTR/CR тяга рулевая;LEN00003948;;шт;CTR
OEM;Тяга рулевая;;CRMZ-56L;;CRMZ-56L тяга рулевая;CTR/CR тяга рулевая;LEN00005991;;шт;CTR
OEM;Тяга рулевая;;CRMZ-56R;;CRMZ-56R тяга рулевая;CTR/CR тяга рулевая;LEN00005992;;шт;CTR
OEM;Тяга рулевая;;CRN-40;;CRN-40 тяга рулевая;CTR/CR тяга рулевая;1638;771287;шт;CTR
OEM;Тяга рулевая;;CRN-41;;CRN-41 тяга рулевая;CTR/CR тяга рулевая;LEN00003347;;шт;CTR
OEM;Тяга рулевая;;CRN-42;;CRN-42 тяга рулевая;CTR/CR тяга рулевая;LEN00003348;;шт;CTR
OEM;Тяга рулевая;;CRN-47;;CRN-47 тяга рулевая;CTR/CR тяга рулевая;LEN00004228;;шт;CTR
OEM;Тяга рулевая;;CRN-51;;CRN-51 тяга рулевая;CTR/CR тяга рулевая;LEN00003349;;шт;CTR
OEM;Тяга рулевая;;CRN-6;;CRN-6 тяга рулевая;CTR/CR тяга рулевая;LEN00003350;;шт;CTR
OEM;Тяга рулевая;;CRT-35;;CRT-35 тяга рулевая;CTR/CR тяга рулевая;LEN00003352;;шт;CTR
OEM;Стойка стабилизатора;;;54618-02E00;54618-02E00 Стойка стабилизатора;TI-GUAR/СТОЙКИ СТАБИЛИЗАТОРА;LEN00012657;;шт;TI-GUAR
Ti-Guar;Шаровая опора;TG-54530-25000;;54530-25000;54530-25000  шаровая опора TI-GUAR;555/SB шаровые опоры;LEN00007916;;шт;555
Ti-Guar;Шаровая опора;TG-40160-EN001;CBN-70;40160-EN001;CBN-70 40160-EN001  шаровая опора TI-GUAR;555/SB шаровые опоры;LEN00007876;;шт;555
Ti-Guar;Шаровая опора;TG-G030-99-356;SB-1392;G030-99-356;SB-1392 G030-99-356 шаровая опора TI-GUAR;555/SB шаровые опоры;LEN00007697;;шт;555
Ti-Guar;Шаровая опора;TG-40160-52Y00;SB-4742;40160-52Y00;SB-4742 40160-52Y00 шаровая опора TI-GUAR;555/SB шаровые опоры;LEN00010599;;шт;555
Ti-Guar;Стойка стабилизатора;TG-48820-34020;SL-3560;48820-34020;SL-3560 48820-34020 стойка стабилизатора TI-GUAR;555/SL стойки стабилизатора;2381;54447;шт;555
SUFIX;Тяга рулевая;SD-1305;CRN-8;;CRN-8/SD-1305 тяга рулевая SUFIX;555/SR рулевые тяги;LEN00015017;;шт;555
Ti-Guar;Тяга рулевая;SR-2970;CRT-37;;CRT-37/SR-2970 тяга рулевая TI-GUAR;555/SR рулевые тяги;LEN00008363;;шт;555
Ti-Guar;Тяга рулевая;TG-45503-29215;SR-2920;45503-29215;SR-2920 TG-45503-29215 тяга рулеваяTI-GUAR;555/SR рулевые тяги;LEN00007522;54200;шт;555
Ti-Guar;Тяга рулевая;TG-48521-3U025;SR-4950;48521-3U025;SR-4950 Рулевая тяга TG-48521-3U025 TiGuar;555/SR рулевые тяги;LEN00009175;;шт;555
Ti-Guar;Шаровая опора;TG-40160-41U00;SB-4872;40160-41U00;SB-4872  TG-40160-41U00 шаровые опоры TI-GUAR;CHASE/SB шаровые опоры;774;;шт;CHASE
Ti-Guar;Шаровая опора;TG-40160-AV60A;SB-4882;40160-AV60A;SB-4882 Шаровая опора TG-40160-AV60A TiGuar;CHASE/SB шаровые опоры;775;;шт;CHASE
Ti-Guar;Рулевой наконечник;TG-48520-50Y00;CEN-47;48520-50Y00;CEN-47 48520-50Y00 рулевой наконечник  TI-GUAR;CHASE/SE рулевой наконечник;782;;шт;CHASE
Ti-Guar;Рулевой наконечник;SE-6191L;;;SE-6191L рулевой наконечник CR-V/CIVIC TI-GUAR;CHASE/SE рулевой наконечник;687;53560-SR3-003;шт;CHASE
Ti-Guar;Рулевой наконечник;SE-6191R;;;SE-6191R рулевой наконечник CR-V/CIVIC TI-GUAR;CHASE/SE рулевой наконечник;688;53540-SR3-003;шт;CHASE
Ti-Guar;Рулевой наконечник;SE-7461;;;SE-7461 рулевой наконечник TI-GUAR;CHASE/SE рулевой наконечник;LEN00011072;48810-76G00;шт;CHASE
Ti-Guar;Рулевой наконечник;TG-6001550442;;;TG-6001550442 Наконечник рулевой  TiGuar;CHASE/SE рулевой наконечник;LEN00009821;;шт;CHASE
Ti-Guar;Рулевой наконечник;TG-6001550443;;;TG-6001550443 Наконечник рулевой  TiGuar;CHASE/SE рулевой наконечник;LEN00009822;;шт;CHASE
Ti-Guar;Стойка стабилизатора;TG-1203093;;;2123-FOC TG-1203093 стойка стабилизатора TI-GUAR;CHASE/SL стойки стабилизатора;LEN00010863;;шт;CHASE
Ti-Guar;Стойка стабилизатора;TG-BP4K-34-170D;SL-1650;;SL-1650 TG-BP4K-34-170D тяга стабилизатора TI-GUAR;CHASE/SL стойки стабилизатора;LEN00009632;;шт;CHASE
Ti-Guar;Стойка стабилизатора;TG-48820-22041;SL-3830;48820-22041;SL-3830 TG-48820-22041 тяга стабилизатора TI-GUAR;CHASE/SL стойки стабилизатора;741;;шт;CHASE
Ti-Guar;Стойка стабилизатора;TG-51320-S04-003;SL-6260;51320-S04-003;SL-6260 TG-51320-S04-003 тяга стабилизатора TI-GUAR;CHASE/SL стойки стабилизатора;747;;шт;CHASE
Ti-Guar;Тяга рулевая;TG-45503-19205;CRT-27;45503-19205;CRT-27 SR-2960 рулевая тяга 45503-19205 TiGuar;CHASE/SR рулевые тяги;1868;;шт;CHASE
555;Тяга рулевая;SR-6340L;;;SR-6340L рулевая тяга FIT 02- 555;CHASE/SR рулевые тяги;1872;53011-SAA-J01;шт;CHASE
LYNXauto;Рулевой наконечник;C4377LR;CEHO-27;;CEHO-27 C4377LR рулевой наконечник LYNXauto;CTR/CE рулевой наконечник;LEN00012914;;шт;CTR
SUFIX;Рулевой наконечник;SE-1391;CES-22;;CES-22 SE-1391 рулевой наконечник SUFIX;CTR/CE рулевой наконечник;LEN00014312;;шт;CTR
Ti-Guar;Стойка стабилизатора;TG-51320-S5A-003;CLHO-10;51320-S5A-003;CLHO-10/TG-51320-S5A-003  стойка стабилизатора  TI-GUAR;CTR/CL стойка стабилизатора;LEN00005038;;шт;CTR
Ti-Guar;Стойка стабилизатора;TG-51321-S5A-003;CLHO-11;51321-S5A-003;CLHO-11/ TG-51321-S5A-003 стойка стабилизатора  TI-GUAR;CTR/CL стойка стабилизатора;LEN00004565;;шт;CTR
SUFIX;Тяга рулевая;SD-1137;CRM-26;;CRM-26 SD1137 тяга рулевая SUFIX;CTR/CR тяга рулевая;LEN00012640;;шт;CTR
Ti-Guar;Тяга рулевая;TG-48521-6M085;CRN-22;48521-6M085;CRN-22 Рулевая тяга TG-48521-6M085 TiGuar;CTR/CR тяга рулевая;LEN00009454;;шт;CTR
SUFIX;Тяга рулевая;SD-1010;CRN-32;;CRN-32 SD-1010 тяга рулевая SUFIX;CTR/CR тяга рулевая;LEN00012899;;шт;CTR
SUFIX;Тяга рулевая;SD-1202;CRT-101;;CRT-101 SD-1202 тяга рулевая  SUFIX;CTR/CR тяга рулевая;LEN00013410;;шт;CTR
SUFIX;Тяга рулевая;SD-1006;CRT-28;;CRT-28 SD-1006 тяга рулевая SUFIX;CTR/CR тяга рулевая;LEN00014081;;шт;CTR
SUFIX;Рулевой наконечник;SE-1206;;;SE-1206 Наконечник рулевой тяги SUFIX;TI-GUAR/РУЛЕВЫЕ НАКОНЕЧНИКИ;LEN00012955;;шт;TI-GUAR
SUFIX;Тяга рулевая;SD-1007;CRT-54;;CRT-54 /SD-1007 рулевая тяга SUFIX;TI-GUAR/ТЯГИ РУЛЕВЫЕ;LEN00010342;;шт;TI-GUAR
555;;SA-1712L;;;SA-1712L рычаг 555;555/SA рычаг маятниковый;LEN00001445;54958;шт;555
555;;SA-1712R;;;SA-1712Rрычаг 555;555/SA рычаг маятниковый;LEN00001446;54959;шт;555
555;;SA-4791L;;;SA-4791L рычаг 555;555/SA рычаг маятниковый;LEN00001609;54001;шт;555
555;;SA-4791R;;;SA-4791R рычаг 555;555/SA рычаг маятниковый;LEN00003920;;шт;555
555;;SA-7612;;;SA-7612 рычаг 555;555/SA рычаг маятниковый;LEN00006077;;шт;555
555;;SA-7755L;;;SA-7755L рычаг 555;555/SA рычаг маятниковый;AMR00000902;54542;шт;555
555;Шаровая опора;SB-6192;CBHO-16;;CBHO-16/18/SB-6192 шаровая опора /555;555/SB шаровые опоры;2085;54046;шт;555
555;Шаровая опора;SB-6182;CBHO-26;;CBHO-26, SB-6182 шаровая опора 555;555/SB шаровые опоры;AMR00001571;;шт;555
555;Шаровая опора;SB-6191;CBHO-28;;CBHO-28 SB-6191 шаровая опора  555;555/SB шаровые опоры;2086;;шт;555
555;Шаровая опора;SB-6242;CBHO-30;;CBHO-30 SB-6242 шаровая опора 555 CIVIC EU1;555/SB шаровые опоры;LEN00006051;;шт;555
555;Шаровая опора;SB-6272;CBHO-32;;CBHO-32/SB-6272  шаровая опора 555;555/SB шаровые опоры;LEN00001007;54314;шт;555
555;Шаровая опора;SB-6302;CBHO-49;;CBHO-49 SB-6302  шаровая опора 555;555/SB шаровые опоры;AMR00000309;;шт;555
555;Шаровая опора;SB-6302;CBHO-49;;CBHO-49 SB-6302 шаровая опора 555;555/SB шаровые опоры;LEN00004861;;шт;555
555;Шаровая опора;SB-H112;CBHO-56;;CBHO-56, SB-H112 шаровая опора 555 Fit 09-;555/SB шаровые опоры;LEN00010597;;шт;555
555;Шаровая опора;SB-H522;CBHO-63;;CBHO-63, SB-H522 шаровая опора 555 HONDA FIT (GK#) (2014-);555/SB шаровые опоры;LEN00012384;;шт;555
555;Шаровая опора;SB-7761;CBM-13;;CBM-13/SB-7761/7311/ шаровая опора /555;555/SB шаровые опоры;2053;54358;шт;555
555;Шаровая опора;SB-7721;CBM-22;;CBM-22/SB-7721 шаровая опора /555;555/SB шаровые опоры;1350;54055;шт;555
555;Шаровая опора;SB-7751;CBM-27;;CBM-27/SB-7751 шаровая опора /555;555/SB шаровые опоры;LEN00005578;;шт;555
555;Шаровая опора;SB-7872;CBM-36;;CBM-36 SB-7872 шаровая опора 555;555/SB шаровые опоры;LEN00001963;;шт;555
555;Шаровая опора;SB-B172;CBM-42;;CBM-42/ SB-B172 шаровая опора 555;555/SB шаровые опоры;LEN00013461;54358;шт;555
555;Шаровая опора;SB-1392;CBMZ-17;;CBMZ-17/SB-1392 шаровая опора 555;555/SB шаровые опоры;LEN00001570;54005;шт;555
555;Шаровая опора;SB-1521;CBMZ-20;;CBMZ-20/SB-1521 шаровая опора 555;555/SB шаровые опоры;LEN00014955;;шт;555
555;Шаровая опора;SB-1542;CBMZ-24;;CBMZ-24/SB-1542 шаровая опора 555;555/SB шаровые опоры;LEN00014956;;шт;555
555;Шаровая опора;SB-1552;CBMZ-26;;CBMZ-26/SB-1552 шаровая опора 555;555/SB шаровые опоры;2498;54007;шт;555
555;Шаровая опора;SB-1572;CBMZ-27;;CBMZ-27/SB-1572 шаровая опора 555;555/SB шаровые опоры;2494;54008;шт;555
555;Шаровая опора;SB-1672;CBMZ-41;;CBMZ-41/SB-1672 шаровая опора 555;555/SB шаровые опоры;LEN00003441;;шт;555
555;Шаровая опора;SB-N362;CBMZ-47;;CBMZ-47/ SB-N362 шаровая опора 555;555/SB шаровые опоры;LEN00005222;;шт;555
555;Шаровая опора;SB-4391;CBN-11;;CBN-11/SB-4391 шаровая опора /555;555/SB шаровые опоры;1420;54034;шт;555
555;Шаровая опора;SB-4562;CBN-21;;CBN-21/SB-4562 шаровая опора //555;555/SB шаровые опоры;124;54036;шт;555
555;Шаровая опора;SB-4692;CBN-24;;CBN-24/SB-4692 шаровая опора /555;555/SB шаровые опоры;127;54177;шт;555
555;Шаровая опора;SB-4672;CBN-31;;CBN-31/SB-4672 шаровая опора /555;555/SB шаровые опоры;126;54296;шт;555
555;Шаровая опора;SB-4812;CBN-46;;CBN-46/SB-4812 шаровая опора 555;555/SB шаровые опоры;LEN00001390;54039;шт;555
555;Шаровая опора;SB-4842;CBN-64;;CBN-64/SB-4842 /шаровая опора 555;555/SB шаровые опоры;AMR00000310;54035;шт;555
555;Шаровая опора;SB-4882;CBN-65;;CBN-65 /SB-4882/ шаровая опора 555;555/SB шаровые опоры;AMR00000308;54486;шт;555
555;Шаровая опора;SB-4952;CBN-70;;CBN-70/ SB-4952 шаровая опора 555;555/SB шаровые опоры;LEN00004659;;шт;555
555;Шаровая опора;SB-7542;CBS-7;;CBS-7 /SB-7542 шаровая опора 555;555/SB шаровые опоры;2289;54054;шт;555
555;Шаровая опора;SB-2582;CBT-10;;CBT-10/SB-2582 шаровая опора 555;555/SB шаровые опоры;LEN00001560;54175;шт;555
555;Шаровая опора;SB-T402;CBT-101;;CBT-101/SB-T402 шаровая опора 555;555/SB шаровые опоры;LEN00015038;;шт;555
555;Шаровая опора;SB-3542;CBT-16;;CBT-16/SB-3542 шаровая опора /CBT-16/555;555/SB шаровые опоры;112;54028;шт;555
555;Шаровая опора;SB-2481;CBT-20;;CBT-20/SB-2481 шаровая опора 555;555/SB шаровые опоры;AMR00001708;54010;шт;555
555;Шаровая опора;SB-2482;CBT-21;;CBT-21/SB-2482 шаровая опора 555;555/SB шаровые опоры;AMR00001303;54011;шт;555
555;Шаровая опора;SB-2502;CBT-25;;CBT-25/SB-2502 шаровая опора 555;555/SB шаровые опоры;AMR00001787;54012;шт;555
555;Шаровая опора;SB-2721;CBT-27;;CBT-27/SB-2721 шаровая опора 555;555/SB шаровые опоры;AMR00000542;54014;шт;555
555;Шаровая опора;SB-3682;CBT-28;;CBT-28/SB-3682 шаровая опора 555;555/SB шаровые опоры;1430;54320;шт;555
555;Шаровая опора;SB-2381;CBT-29;;CBT-29/SB-2381 шаровая опора 555;555/SB шаровые опоры;AMR00000306;54009;шт;555
555;Шаровая опора;SB-2811;CBT-30;;CBT-30/SB-2811 шаровая опора 555;555/SB шаровые опоры;LEN00000143;54174;шт;555
555;Шаровая опора;SB-2802L;CBT-33;;CBT-33/SB-2802L шаровая опора 555;555/SB шаровые опоры;AMR00001079;54015;шт;555
555;Шаровая опора;SB-2802R;CBT-33;;CBT-33/SB-2802R шаровая опора 555;555/SB шаровые опоры;AMR00001080;54016;шт;555
555;Шаровая опора;SB-2942L;CBT-38L;;CBT-38L/SB-2942L шаровая опора 555;555/SB шаровые опоры;AMR00000784;54020;шт;555
555;Шаровая опора;SB-2942R;CBT-38R;;CBT-38R/SB-2942R шаровая опора 555;555/SB шаровые опоры;AMR00000785;54021;шт;555
555;Шаровая опора;SB-2932;CBT-39;;CBT-39 SB-2932 шаровая опора 555;555/SB шаровые опоры;AMR00000307;;шт;555
555;Шаровая опора;SB-2992;CBT-40;;CBT-40/ SB-2992 шаровая опора 555;555/SB шаровые опоры;111;54024;шт;555
555;Шаровая опора;SB-2962;CBT-40;;CBT-40/SB-2962 шаровая опора  555;555/SB шаровые опоры;AMR00001830;;шт;555
555;Шаровая опора;SB-2972;CBT-41;;CBT-41/SB-2972 шаровая опора  555;555/SB шаровые опоры;AMR00001373;54023;шт;555
555;Шаровая опора;SB-3836L;CBT-44L;;CBT-44L/ SB-3836L шаровая опора /555;555/SB шаровые опоры;121;;шт;555
555;Шаровая опора;SB-3512L;CBT-44L;;CBT-44L/SB-3512L шаровая опора 555;555/SB шаровые опоры;LEN00003916;;шт;555
555;Шаровая опора;SB-3512R;CBT-44R;;CBT-44R/SB-3512R шаровая опора 555;555/SB шаровые опоры;LEN00003917;;шт;555
555;Шаровая опора;SB-3836R;CBT-44R;;CBT-44R/SB-3836R шаровая опора /555;555/SB шаровые опоры;122;;шт;555
555;Шаровая опора;SB-3642;CBT-46;;CBT-46/40/43 SB-3642 шаровая опора /555;555/SB шаровые опоры;114;54176;шт;555
555;Шаровая опора;SB-3561;CBT-48;;CBT-48/SB-3561 шаровая опора /555;555/SB шаровые опоры;1639;54029;шт;555
555;Шаровая опора;SB-3806L;CBT-49L;;CBT-49L/SB-3806L шаровая опора 555;555/SB шаровые опоры;LEN00004629;;шт;555
555;Шаровая опора;SB-3804R;CBT-49R;;CBT-49R/SB-3804R шаровая опора 555;555/SB шаровые опоры;119;54743;шт;555
555;Шаровая опора;SB-3806R;CBT-49R;;CBT-49R/SB-3806R шаровая опора 555;555/SB шаровые опоры;LEN00004581;;шт;555
555;Шаровая опора;SB-3602;CBT-56;;CBT-56/SB-3602 шаровая опора /555;555/SB шаровые опоры;113;54032;шт;555
555;Шаровая опора;SB-3752L;CBT-57L;;CBT-57L SB-3752L шаровая опора 555;555/SB шаровые опоры;115;54324;шт;555
555;Шаровая опора;SB-3752R;CBT-57R;;CBT-57R SB-3752R шаровая опора 555;555/SB шаровые опоры;116;54323;шт;555
555;Шаровая опора;SB-3702R;CBT-61;;CBT-61 SB-3702R шаровая опора 555;555/SB шаровые опоры;AMR00000837;;шт;555
555;Шаровая опора;SB-3702L;CBT-62;;CBT-62 SB-3702L шаровая опора 555;555/SB шаровые опоры;AMR00000836;;шт;555
555;Шаровая опора;SB-3882;CBT-64;;CBT-64/SB-3882 шаровая опора 555;555/SB шаровые опоры;LEN00010329;;шт;555
555;Шаровая опора;SB-3986R;CBT-69;;CBT-69/SB-3986R шаровая опора 555;555/SB шаровые опоры;AMR00000678;;шт;555
555;Шаровая опора;SB-3986L;CBT-70;;CBT-70/SB-3986L шаровая опора 555;555/SB шаровые опоры;AMR00000677;54744;шт;555
555;Шаровая опора;SB-3772;CBT-73;;CBT-73/SB-3772 шаровая опора 555;555/SB шаровые опоры;117;54325;шт;555
555;Шаровая опора;SB-T286R;CBT-75;;CBT-75/SB-T286R шаровая опора 555;555/SB шаровые опоры;LEN00005232;;шт;555
555;Шаровая опора;SB-T286L;CBT-76;;CBT-76/SB-T286L шаровая опора 555;555/SB шаровые опоры;LEN00005233;;шт;555
555;Шаровая опора;SB-T092;CBT-81;;CBT-81/SB-T092 шаровая опора 555;555/SB шаровые опоры;LEN00009589;;шт;555
555;Шаровая опора;SB-T172R;CBT-82;;CBT-82/SB-T172R шаровая опора 555;555/SB шаровые опоры;LEN00001844;54892;шт;555
555;Шаровая опора;SB-T172L;CBT-83;;CBT-83/SB-T172L шаровая опора 555;555/SB шаровые опоры;LEN00001843;54891;шт;555
555;Шаровая опора;SB-3831;CBT-84;;CBT-84 SB-3831 шаровая опора 555;555/SB шаровые опоры;120;54481;шт;555
555;Шаровая опора;SB-T432R;CBT-85;;CBT-85 SB-T432R шаровая опора 555;555/SB шаровые опоры;LEN00015104;;шт;555
555;Шаровая опора;SB-T432L;CBT-86;;CBT-86 SB-T432L шаровая опора 555;555/SB шаровые опоры;LEN00015103;;шт;555
555;Шаровая опора;SB-T522;CBT-90;;CBT-90/SB-T522 шаровая опора 555;555/SB шаровые опоры;LEN00013314;;шт;555
555;Шаровая опора;SB-1411;;;SB-1411 шаровая опора 555;555/SB шаровые опоры;LEN00002060;54172;шт;555
555;Шаровая опора;SB-1462;;;SB-1462 шаровая опора 555;555/SB шаровые опоры;AMR00000676;54173;шт;555
555;Шаровая опора;SB-1464;;;SB-1464 шаровая опора 555;555/SB шаровые опоры;AMR00000921;54513;шт;555
555;Шаровая опора;SB-1802;;;SB-1802 шаровая опора 555;555/SB шаровые опоры;LEN00003941;;шт;555
555;Шаровая опора;SB-2852;;;SB-2852 шаровая опора 555;555/SB шаровые опоры;AMR00000543;54017;шт;555
555;Шаровая опора;SB-3744L;;;SB-3744L шаровая опора 555;555/SB шаровые опоры;AMR00002176;54751;шт;555
555;Шаровая опора;SB-3744R;;;SB-3744R шаровая опора 555;555/SB шаровые опоры;AMR00002177;54752;шт;555
555;Шаровая опора;SB-3804L;;;SB-3804L шаровая опора 555;555/SB шаровые опоры;118;54742;шт;555
555;Шаровая опора;SB-3812;;;SB-3812 шаровая опора 555;555/SB шаровые опоры;LEN00004097;;шт;555
555;Шаровая опора;SB-3831;;;SB-3831 шаровая опора 555;555/SB шаровые опоры;LEN00003954;;шт;555
555;Шаровая опора;SB-3841;;;SB-3841 шаровая опора 555;555/SB шаровые опоры;LEN00001118;54484;шт;555
555;Шаровая опора;SB-3842;;;SB-3842 шаровая опора 555;555/SB шаровые опоры;LEN00001119;54618;шт;555
555;Шаровая опора;SB-3881;;;SB-3881 шаровая опора 555;555/SB шаровые опоры;123;54494;шт;555
555;Шаровая опора;SB-3910L;;;SB-3910L шаровая опора 555;555/SB шаровые опоры;2113;54505;шт;555
555;Шаровая опора;SB-3910R;;;SB-3910R шаровая опора 555;555/SB шаровые опоры;2114;54506;шт;555
555;Шаровая опора;SB-4592;;;SB-4592 шаровая опора 555;555/SB шаровые опоры;125;54037;шт;555
555;Шаровая опора;SB-4722;;;SB-4722 шаровая опора 555;555/SB шаровые опоры;LEN00001104;54628;шт;555
555;Шаровая опора;SB-4742;CBN-36;;SB-4742 шаровая опора /CBN-36/555;555/SB шаровые опоры;128;54038;шт;555
555;Шаровая опора;SB-4821;;;SB-4821 шаровая опора 555;555/SB шаровые опоры;LEN00001050;54371;шт;555
555;Шаровая опора;SB-4872;;;SB-4872 шаровая опора 555;555/SB шаровые опоры;2035;;шт;555
555;Шаровая опора;SB-5311;;;SB-5311 шаровая опора 555;555/SB шаровые опоры;LEN00001489;54178;шт;555
555;Шаровая опора;SB-5321;;;SB-5321 шаровая опора 555;555/SB шаровые опоры;LEN00004690;;шт;555
555;Шаровая опора;SB-6115;;;SB-6115 шаровая опора 555;555/SB шаровые опоры;LEN00011297;;шт;555
555;Шаровая опора;SB-6185;CBHO-28;;SB-6185 шаровая опора /CBHO-28.27.29.34.14/555;555/SB шаровые опоры;LEN00009022;;шт;555
555;Шаровая опора;SB-6642;;;SB-6642 шаровые опоры  FORESTER/LEGASY   555;555/SB шаровые опоры;LEN00004147;;шт;555
555;Шаровая опора;SB-7232;;;SB-7232  шаровая опора 555;555/SB шаровые опоры;AMR00000616;54049;шт;555
555;Шаровая опора;SB-7322L;;;SB-7322L шаровая опора 555;555/SB шаровые опоры;AMR00000583;54052;шт;555
555;Шаровая опора;SB-7322R;;;SB-7322R шаровая опора 555;555/SB шаровые опоры;AMR00000584;54053;шт;555
555;Шаровая опора;SB-7562;;;SB-7562 шаровая опора 555;555/SB шаровые опоры;LEN00005189;;шт;555
555;Шаровая опора;SB-7722L;CBM-23L;;SB-7722L  шаровая опора/CBM-23L/ 555;555/SB шаровые опоры;2111;54056;шт;555
555;Шаровая опора;SB-7722R;CBM-23R;;SB-7722R/ CBM-23R/ шаровая опора /555;555/SB шаровые опоры;2112;54057;шт;555
555;Шаровая опора;SB-7762;;;SB-7762 шаровая опора 555;555/SB шаровые опоры;2054;54674;шт;555
555;Шаровая опора;SB-7902;;;SB-7902  шаровая опора 555;555/SB шаровые опоры;LEN00007730;;шт;555
555;Шаровая опора;SB-N162;;;SB-N162 шаровая опора 555;555/SB шаровые опоры;LEN00004467;;шт;555
555;Шаровая опора;SB-N281;;;SB-N281 шаровая опора 555;555/SB шаровые опоры;LEN00013397;;шт;555
555;Шаровая опора;SB-T054;;;SB-T054 шаровая опора 555;555/SB шаровые опоры;2483;54968;шт;555
555;Шаровая опора;SB-T082;;;SB-T082 шаровая опора 555;555/SB шаровые опоры;LEN00011372;;шт;555
555;Шаровая опора;SB-T112;;;SB-T112 шаровая опора 555;555/SB шаровые опоры;LEN00009819;;шт;555
555;Шаровая опора;SB-T502;;;SB-T502 шаровая опора 555;555/SB шаровые опоры;LEN00005988;;шт;555
555;Рулевой наконечник;SE-6233;CEHO-12;;CEHO-12/SE-6233 Наконечник рулевой 555;555/SE рулевые наконечники;AMR00001761;54365;шт;555
555;Рулевой наконечник;SE-H111R;CEHO-47;;CEHO-47/SE-H111R наконечник рулевой 555;555/SE рулевые наконечники;LEN00011700;;шт;555
555;Рулевой наконечник;SE-H111L;CEHO-48;;CEHO-48/SE-H111L наконечник рулевой 555;555/SE рулевые наконечники;LEN00011699;;шт;555
555;;SE-H471L;CEHO-66L;;CEHO-66L/SE-H471L наонечник рулевой 555;555/SE рулевые наконечники;LEN00013939;54107;шт;555
555;;SE-H471R;CEHO-66R;;CEHO-66R/SE-H471R наонечник рулевой 555;555/SE рулевые наконечники;LEN00013940;;шт;555
555;;SE-6171L;CEHO-6L;;CEHO-6L/SE-6171L наонечник рулевой 555;555/SE рулевые наконечники;AMR00000321;54107;шт;555
555;;SE-6171R;CEHO-6R;;CEHO-6R/SE-6171R наонечник рулевой 555;555/SE рулевые наконечники;AMR00000322;;шт;555
555;Рулевой наконечник;SE-7301;CEM-14;;CEM-14 SE-7301 наконечник рулевой 555;555/SE рулевые наконечники;AMR00000520;54114;шт;555
555;Рулевой наконечник;SE-7761;CEM-15;;CEM-15 SE-7761 наконечник рулевой  555;555/SE рулевые наконечники;AMR00001205;;шт;555
555;Рулевой наконечник;SE-B011;CEM-64;;CEM-64 SE-B011 рулевой наконечник 555;555/SE рулевые наконечники;LEN00012932;;шт;555
555;Рулевой наконечник;SE-1341L;CEMZ-10;;CEMZ-10 SE-1341L наконечник рулевой 555;555/SE рулевые наконечники;AMR00001078;54431;шт;555
555;Рулевой наконечник;SE-1341R;CEMZ-10R;;CEMZ-10R SE-1341R наконечник рулевой 555;555/SE рулевые наконечники;AMR00001535;54432;шт;555
555;Рулевой наконечник;SE-1591;CEMZ-32;;CEMZ-32 SE-1591 наконечник рулевой 555;555/SE рулевые наконечники;LEN00001444;54183;шт;555
555;Рулевой наконечник;SE-1461;CEMZ-39;;CEMZ-39 SE-1461 наконечник рулевой 555;555/SE рулевые наконечники;LEN00004019;;шт;555
555;Рулевой наконечник;SE-1671;CEMZ-51;;CEMZ-51 SE-1671 наконечник рулевой 555;555/SE рулевые наконечники;LEN00006169;;шт;555
555;Рулевой наконечник;SE-1722;CEMZ-61;;CEMZ-61 SE-1722 наконечник рулевой 555;555/SE рулевые наконечники;LEN00014589;;шт;555
555;Рулевой наконечник;SE-1731;CEMZ-63;;CEMZ-63 SE-1731 наконечник рулевой 555;555/SE рулевые наконечники;LEN00014591;;шт;555
555;Рулевой наконечник;SE-4941R;CEN-113;;CEN-113 /SE-4941R/ рулевой наконечник 555;555/SE рулевые наконечники;LEN00013013;;шт;555
555;Рулевой наконечник;SE-4941L;CEN-114;;CEN-114 /SE-4941L/ рулевой наконечник 555;555/SE рулевые наконечники;LEN00013012;;шт;555
555;Рулевой наконечник;SE-N371R;CEN-122;;CEN-122 /SE-N371R/ рулевой наконечник 555;555/SE рулевые наконечники;LEN00013465;;шт;555
555;Рулевой наконечник;SE-N361;CEN-137;;CEN-137 /SE-N361 рулевой наконечник 555;555/SE рулевые наконечники;LEN00005253;;шт;555
555;Рулевой наконечник;SE-N331L;CEN-141;;CEN-141 /SE-N331L/ рулевой наконечник 555;555/SE рулевые наконечники;LEN00005119;;шт;555
555;Рулевой наконечник;SE-N331R;CEN-142;;CEN-142 /SE-N331R/ рулевой наконечник 555;555/SE рулевые наконечники;LEN00005120;;шт;555
555;Рулевой наконечник;SE-N341L;CEN-153L;;CEN-153L /SE-N341L/ рулевой наконечник 555;555/SE рулевые наконечники;LEN00014929;;шт;555
555;Рулевой наконечник;SE-N341R;CEN-153R;;CEN-153R /SE-N341R/ рулевой наконечник 555;555/SE рулевые наконечники;LEN00014930;;шт;555
555;Рулевой наконечник;SE-4682;CEN-43;;CEN-43/SE-4682 наконечник рулевой 555;555/SE рулевые наконечники;AMR00001211;54094;шт;555
555;Рулевой наконечник;SE-4631L;CEN-73;;CEN-73/SE-4631L наконечник рулевой 555;555/SE рулевые наконечники;LEN00009971;;шт;555
555;Рулевой наконечник;SE-4751;CEN-81;;CEN-81/ SE-4751 наконечник рулевой 555;555/SE рулевые наконечники;AMR00002126;54099;шт;555
555;Рулевой наконечник;SE-4752;CEN-82;;CEN-82 SE-4752 наконечник рулевой /555;555/SE рулевые наконечники;1568;;шт;555
555;Рулевой наконечник;SE-4832;CEN-99;;CEN-99 SE-4832 Наконечник рулевой 555;555/SE рулевые наконечники;AMR00001213;54403;шт;555
555;Рулевой наконечник;SE-7641;CES-17;;CES-17 SE-7641 рулевой наконечник 555;555/SE рулевые наконечники;LEN00014193;;шт;555
555;Рулевой наконечник;SE-7481L;CES-6L;;CES-6L рулевой наконечник /SE-7481L/ 555;555/SE рулевые наконечники;LEN00013221;;шт;555
555;Рулевой наконечник;SE-7481R;CES-6R;;CES-6R рулевой наконечник /SE-7481R/ 555;555/SE рулевые наконечники;LEN00013222;;шт;555
555;Рулевой наконечник;SE-3931L;CET-112L;;CET-112L SE-3931L рулевой наконечник 555;555/SE рулевые наконечники;LEN00012967;;шт;555
555;Рулевой наконечник;SE-3931R;CET-112R;;CET-112R SE-3931R рулевой наконечник 555;555/SE рулевые наконечники;LEN00012957;;шт;555
555;Рулевой наконечник;SE-3681;CET-114;;CET-114 SE-3681 наконечник рулевой 555;555/SE рулевые наконечники;1429;;шт;555
555;Рулевой наконечник;SE-3641L;CET-115L;;CET-115L SE-3641L наконечник рулевой 555;555/SE рулевые наконечники;AMR00000315;;шт;555
555;Рулевой наконечник;SE-3641R;CET-115R;;CET-115R SE-3641R наконечник рулевой 555;555/SE рулевые наконечники;AMR00000316;;шт;555
555;Рулевой наконечник;SE-3751L;CET-117L;;CET-117L SE-3751L наконечник рулевой 555;555/SE рулевые наконечники;LEN00000113;54293;шт;555
555;Рулевой наконечник;SE-3751R;CET-117R;;CET-117R SE-3751R наконечник рулевой 555;555/SE рулевые наконечники;LEN00001732;54294;шт;555
555;Рулевой наконечник;SE-3903;CET-123;;CET-123 /SE-3903/ рулевой наконечник 555;555/SE рулевые наконечники;LEN00004395;;шт;555
555;Рулевой наконечник;SE-3701;CET-125;;CET-125 SE-3701 наконечник рулевой 555;555/SE рулевые наконечники;LEN00002043;54498;шт;555
555;Рулевой наконечник;SE-3971;CET-150;;CET-150 /SE-3971/ рулевой наконечник 555;555/SE рулевые наконечники;LEN00012939;;шт;555
555;Рулевой наконечник;SE-T121R;CET-168;;CET-168 SE-T121R наконечник рулевой 555;555/SE рулевые наконечники;LEN00014213;;шт;555
555;Рулевой наконечник;SE-T121L;CET-169;;CET-169 SE-T121L наконечник рулевой 555;555/SE рулевые наконечники;LEN00014212;;шт;555
555;Рулевой наконечник;SE-T201R;CET-176;;CET-176 SE-T201R наконечник рулевой 555;555/SE рулевые наконечники;LEN00000094;54831;шт;555
555;Рулевой наконечник;SE-T201L;CET-177;;CET-177 SE-T201L наконечник рулевой 555;555/SE рулевые наконечники;LEN00000093;54830;шт;555
555;Рулевой наконечник;SE-2471;CET-26;;CET-26 SE-2471 наконечник рулевой 555;555/SE рулевые наконечники;AMR00000319;54060;шт;555
555;Рулевой наконечник;SE-2361R;CET-3R;;CET-3R/SE-2361R / рулевой наконечник 555;555/SE рулевые наконечники;LEN00005240;;шт;555
555;Рулевой наконечник;SE-2651;CET-59;;CET-59/SE-2651 наконечник рулевой 555;555/SE рулевые наконечники;AMR00000314;54063;шт;555
555;Рулевой наконечник;SE-2671;CET-65;;CET-65 SE-2671/SE-H261 наконечник рулевой 555;555/SE рулевые наконечники;AMR00001160;54184;шт;555
555;Рулевой наконечник;SE-2812;CET-69;;CET-69 SE-2812 наконечник рулевой 555;555/SE рулевые наконечники;LEN00012530;;шт;555
555;Рулевой наконечник;SE-2852;CET-75;;CET-75 SE-2852 наконечник рулевой 555;555/SE рулевые наконечники;AMR00000459;;шт;555
555;Рулевой наконечник;SE-2953L;CET-77;;CET-77 SE-2953L наконечник рулевой 555;555/SE рулевые наконечники;2299;54516;шт;555
555;Рулевой наконечник;SE-2953R;CET-77;;CET-77 SE-2953R наконечник рулевой 555;555/SE рулевые наконечники;2300;54075;шт;555
555;Рулевой наконечник;SE-2931;CET-83;;CET-83 SE-2931 наконечник рулевой 555;555/SE рулевые наконечники;AMR00000311;;шт;555
555;Рулевой наконечник;SE-2991R;CET-90;;CET-90 SE-2991R наконечник рулевой /CET-90/555;555/SE рулевые наконечники;130;54079;шт;555
555;Рулевой наконечник;SE-2991L;CET-91;;CET-91 SE-2991L наконечник рулевой /CET-91/555;555/SE рулевые наконечники;129;54078;шт;555
555;Рулевой наконечник;SE-3511;CET-92;;CET-92/SE-3511 наконечник рулевой //555;555/SE рулевые наконечники;131;54080;шт;555
555;Рулевой наконечник;SE-3601L;CET-98;;CET-98 SE-3601L наконечник рулевой 555;555/SE рулевые наконечники;AMR00000313;54087;шт;555
555;Рулевой наконечник;SE-3601R;CET-99;;CET-99 SE-3601R наконечник рулевой 555;555/SE рулевые наконечники;AMR00000312;54088;шт;555
555;Рулевой наконечник;SE-1771L;;;SE-1771L наконечник рулевой 555;555/SE рулевые наконечники;LEN00007585;;шт;555
555;Рулевой наконечник;SE-1771R;;;SE-1771R наконечник рулевой 555;555/SE рулевые наконечники;LEN00007584;;шт;555
555;Рулевой наконечник;SE-2871;;;SE-2871 наконечник рулевой 555;555/SE рулевые наконечники;2550;54069;шт;555
555;Рулевой наконечник;SE-3561L;;;SE-3561L наконечник рулевой 555;555/SE рулевые наконечники;2440;54083;шт;555
555;Рулевой наконечник;SE-3561R;;;SE-3561R наконечник рулевой 555;555/SE рулевые наконечники;2439;54084;шт;555
555;Рулевой наконечник;SE-3631;;;SE-3631 наконечник рулевой 555;555/SE рулевые наконечники;AMR00000458;54496;шт;555
555;Рулевой наконечник;SE-3741L;;;SE-3741L наконечник рулевой 555;555/SE рулевые наконечники;LEN00002133;54242;шт;555
555;Рулевой наконечник;SE-3741R;;;SE-3741R наконечник рулевой 555;555/SE рулевые наконечники;LEN00007545;54242;шт;555
555;Рулевой наконечник;SE-3753L;;;SE-3753L наконечник рулевой 555;555/SE рулевые наконечники;LEN00009800;;шт;555
555;Рулевой наконечник;SE-3753R;;;SE-3753R наконечник рулевой 555;555/SE рулевые наконечники;LEN00009801;;шт;555
555;Рулевой наконечник;SE-3811L;;;SE-3811L наконечник рулевой 555;555/SE рулевые наконечники;LEN00007262;;шт;555
555;Рулевой наконечник;SE-3811R;;;SE-3811R наконечник рулевой 555;555/SE рулевые наконечники;LEN00007263;;шт;555
555;Рулевой наконечник;SE-3831L;;;SE-3831L наконечник рулевой 555;555/SE рулевые наконечники;LEN00001325;54401;шт;555
555;Рулевой наконечник;SE-3831R;;;SE-3831R наконечник рулевой 555;555/SE рулевые наконечники;LEN00001326;54402;шт;555
555;Рулевой наконечник;SE-3841;;;SE-3841 наконечник рулевой 555;555/SE рулевые наконечники;LEN00001139;54418;шт;555
555;Рулевой наконечник;SE-3981L;;;SE-3981L наконечник рулевой 555;555/SE рулевые наконечники;AMR00000318;54639;шт;555
555;Рулевой наконечник;SE-3981R;;;SE-3981R наконечник рулевой 555;555/SE рулевые наконечники;AMR00000317;54640;шт;555
555;Рулевой наконечник;SE-4461L;;;SE-4461L Наконечник рулевой 555;555/SE рулевые наконечники;LEN00000090;54254;шт;555
555;Рулевой наконечник;SE-4461R;;;SE-4461R Наконечник рулевой 555;555/SE рулевые наконечники;LEN00000091;54254;шт;555
555;Рулевой наконечник;SE-4581;;;SE-4581 наконечник рулевой 555;555/SE рулевые наконечники;AMR00001608;54090;шт;555
555;Рулевой наконечник;SE-4681;;;SE-4681 наконечник рулевой 555;555/SE рулевые наконечники;AMR00001210;54093;шт;555
555;Рулевой наконечник;SE-4771;;;SE-4771 наконечник рулевой 555;555/SE рулевые наконечники;AMR00000934;54216;шт;555
555;Рулевой наконечник;SE-4811;;;SE-4811 Наконечник рулевой 555;555/SE рулевые наконечники;AMR00000460;54101;шт;555
555;Рулевой наконечник;SE-4831;CEN-98;;SE-4831 Наконечник рулевой  /CEN-98/555;555/SE рулевые наконечники;1396;;шт;555
555;Рулевой наконечник;SE-4871;;;SE-4871 Наконечник рулевой 555;555/SE рулевые наконечники;AMR00000320;;шт;555
555;Рулевой наконечник;SE-4951L;;;SE-4951L Наконечник рулевой 555;555/SE рулевые наконечники;LEN00009173;54254;шт;555
555;Рулевой наконечник;SE-4951R;;;SE-4951R Наконечник рулевой 555;555/SE рулевые наконечники;LEN00009174;54254;шт;555
555;;SE-5321L;;;SE-5321L наонечник рулевой 555;555/SE рулевые наконечники;1902;54333;шт;555
555;;SE-6181L;;;SE-6181L наонечник рулевой 555;555/SE рулевые наконечники;AMR00002205;54105;шт;555
555;;SE-6181R;;;SE-6181R наонечник рулевой 555;555/SE рулевые наконечники;AMR00002206;54106;шт;555
555;;SE-6211L;;;SE-6211L наонечник рулевой 555;555/SE рулевые наконечники;AMR00000323;54109;шт;555
555;;SE-6211R;;;SE-6211R наонечник рулевой 555;555/SE рулевые наконечники;AMR00000324;541010;шт;555
555;;SE-6301L;;;SE-6301L наонечник рулевой 555;555/SE рулевые наконечники;1625;54405;шт;555
555;;SE-6301R;;;SE-6301R наонечник рулевой 555;555/SE рулевые наконечники;1626;54404;шт;555
555;Рулевой наконечник;SE-6651;;;SE-6651 Наконечник рулевой 555;555/SE рулевые наконечники;AMR00001099;54837;шт;555
555;Рулевой наконечник;SE-7261;;;SE-7261 наконечник рулевой 555;555/SE рулевые наконечники;2486;54113;шт;555
555;Рулевой наконечник;SE-7311;;;SE-7311 наконечник рулевой 555;555/SE рулевые наконечники;LEN00012360;;шт;555
555;Рулевой наконечник;SE-7571;;;SE-7571 наконечник рулевой 555;555/SE рулевые наконечники;LEN00000092;54117;шт;555
555;Рулевой наконечник;SE-7721;CEM-27;;SE-7721 наконечник рулевой /CEM-27/ 555;555/SE рулевые наконечники;1351;54119;шт;555
555;Рулевой наконечник;SE-7722;;;SE-7722 наконечник рулевой  555;555/SE рулевые наконечники;AMR00001355;54120;шт;555
555;Рулевой наконечник;SE-9421;;;SE-9421 наконечник рулевой 555;555/SE рулевые наконечники;LEN00008821;54071;шт;555
555;Рулевой наконечник;SE-A111R;;;SE-A111R наконечник рулевой 555;555/SE рулевые наконечники;LEN00012769;;шт;555
555;Рулевой наконечник;SE-B011;;;SE-B011 наконечник рулевой 555;555/SE рулевые наконечники;LEN00012392;;шт;555
555;Рулевой наконечник;SE-H021;;;SE-H021 наконечник рулевой  555;555/SE рулевые наконечники;1589;53540-SWA-A01;шт;555
555;Рулевой наконечник;SE-H041L;;;SE-H041L наконечник рулевой 555;555/SE рулевые наконечники;AMR00000737;54919;шт;555
555;Рулевой наконечник;SE-H041R;;;SE-H041R наконечник рулевой 555;555/SE рулевые наконечники;1631;54920;шт;555
555;Рулевой наконечник;SE-H111L;;;SE-H111L наконечник рулевой 555;555/SE рулевые наконечники;LEN00001972;3027269;шт;555
555;Рулевой наконечник;SE-H171R;;;SE-H171R наконечник рулевой 555;555/SE рулевые наконечники;LEN00011400;;шт;555
555;Рулевой наконечник;SE-N151L;;;SE-N151L  рулевой наконечник 555;555/SE рулевые наконечники;LEN00008024;;шт;555
555;Рулевой наконечник;SE-N151R;;;SE-N151R  рулевой наконечник 555;555/SE рулевые наконечники;LEN00008025;;шт;555
555;Рулевой наконечник;SE-T391L;;;SE-T391L наконечник рулевой 555;555/SE рулевые наконечники;LEN00008739;;шт;555
555;Рулевой наконечник;SE-T391R;;;SE-T391R наконечник рулевой 555;555/SE рулевые наконечники;LEN00008740;;шт;555
555;Рулевой наконечник;SE-T471L;;;SE-T471L Наконечник рулевой 555;555/SE рулевые наконечники;LEN00010106;;шт;555
555;Рулевой наконечник;SE-T471R;;;SE-T471R Наконечник рулевой 555;555/SE рулевые наконечники;LEN00010105;;шт;555
555;Рулевой наконечник;SE-T481L;;;SE-T481L Наконечник рулевой 555;555/SE рулевые наконечники;LEN00014004;;шт;555
555;Рулевой наконечник;SE-T481R;;;SE-T481R Наконечник рулевой 555;555/SE рулевые наконечники;LEN00014003;;шт;555
555;Рулевой наконечник;SE-T531L;;;SE-T531L Наконечник рулевой 555;555/SE рулевые наконечники;LEN00006980;;шт;555
555;Рулевой наконечник;SE-T531R;;;SE-T531R Наконечник рулевой 555;555/SE рулевые наконечники;LEN00006979;;шт;555
555;Рычаг маятниковый;SI-1725;;;SI-1725 Рычаг маятниковый 555;555/SI Рычаг маятниковый;LEN00014588;;шт;555
555;Рычаг маятниковый;SI-2791;;;SI-2791 Рычаг маятниковый 555;555/SI Рычаг маятниковый;LEN00008414;;шт;555
555;Рычаг маятниковый;SI-2811;;;SI-2811 Рычаг маятниковый 555;555/SI Рычаг маятниковый;LEN00010943;;шт;555
555;Рычаг маятниковый;SI-2900;;;SI-2900 Рычаг маятниковый 555;555/SI Рычаг маятниковый;LEN00001439;54375;шт;555
555;Рычаг маятниковый;SI-4680;;;SI-4680 Рычаг маятниковый 555;555/SI Рычаг маятниковый;LEN00004537;;шт;555
555;Рычаг маятниковый;SI-6191L;;;SI-6191L Рычаг маятниковый 555;555/SI Рычаг маятниковый;LEN00010430;;шт;555
555;Рычаг маятниковый;SI-7720;;;SI-7720 Рычаг маятниковый 555;555/SI Рычаг маятниковый;LEN00000885;54193;шт;555
555;Рычаг маятниковый;SI-7800;;;SI-7800 Рычаг маятниковый 555;555/SI Рычаг маятниковый;LEN00006685;;шт;555
555;Сошка рулевая;SP-1720;;;SP-1720 сошка рулевая 555;555/SI Рычаг маятниковый;LEN00014590;;шт;555
555;Сошка рулевая;SP-2811;;;SP-2811 сошка рулевая 555;555/SI Рычаг маятниковый;LEN00008187;;шт;555
555;Стойка стабилизатора;SL-6225R;CLHO-12;;CLHO-12 SL-6225R стойка стабилизатора 555;555/SL стойки стабилизатора;AMR00001826;;шт;555
555;Стойка стабилизатора;SL-6225L;CLHO-13;;CLHO-13 SL-6225L стойка стабилизатора 555;555/SL стойки стабилизатора;AMR00001827;;шт;555
555;Стойка стабилизатора;SL-6260;CLHO-2;;CLHO-2/SL-6260 стойка стабилизатора /555;555/SL стойки стабилизатора;2088;54344;шт;555
555;Стойка стабилизатора;SL-6320R;CLHO-21;;CLHO-21/ SL-6320R стойка стабилизатора 555;555/SL стойки стабилизатора;AMR00000687;54697;шт;555
555;Стойка стабилизатора;SL-6320L;CLHO-22;;CLHO-22 SL-6320L стойка стабилизатора 555;555/SL стойки стабилизатора;AMR00000686;;шт;555
555;Стойка стабилизатора;SL-6325R;CLHO-43;;CLHO-43/SL-6325R стойка стабилизатора 555;555/SL стойки стабилизатора;LEN00001668;54699;шт;555
555;Стойка стабилизатора;SL-6325L;CLHO-44;;CLHO-44 SL-6325L стойка стабилизатора 555;555/SL стойки стабилизатора;LEN00001667;;шт;555
555;Стойка стабилизатора;SL-6280R;CLHO-6;;CLHO-6 SL-6280R стойка стабилизатора 555;555/SL стойки стабилизатора;AMR00001824;54272;шт;555
555;Стойка стабилизатора;SL-H020;CLHO-64;;CLHO-64 SL-H020 стойка стабилизатора 555;555/SL стойки стабилизатора;LEN00009129;;шт;555
555;Стойка стабилизатора;SL-6280L;CLHO-7;;CLHO-7 SL-6280L стойка стабилизатора 555;555/SL стойки стабилизатора;AMR00001825;54273;шт;555
555;Стойка стабилизатора;SL-H110;CLHO-70;;CLHO-70 SL-H110 стойка стабилизатора 555;555/SL стойки стабилизатора;LEN00001288;;шт;555
555;Стойка стабилизатора;SL-6340R;CLHO-72;;CLHO-72 SL-6340R стойка стабилизатора  555;555/SL стойки стабилизатора;LEN00012717;;шт;555
555;Стойка стабилизатора;SL-6340L;CLHO-73;;CLHO-73 SL-6340L стойка стабилизатора  555;555/SL стойки стабилизатора;LEN00012718;;шт;555
555;Стойка стабилизатора;SL-H130;CLHO-75;;CLHO-75 SL-H130 стойка стабилизатора 555;555/SL стойки стабилизатора;LEN00013436;;шт;555
555;Стойка стабилизатора;SL-6285R;CLHO-8;;CLHO-8 SL-6285R стойка стабилизатора  555;555/SL стойки стабилизатора;LEN00005113;;шт;555
555;Стойка стабилизатора;SL-6285L;CLHO-9;;CLHO-9 SL-6285L стойка стабилизатора  555;555/SL стойки стабилизатора;LEN00005114;;шт;555
555;Стойка стабилизатора;SL-H470L;CLHO-90L;;CLHO-90L SL-H470L стойка стабилизатора  555;555/SL стойки стабилизатора;LEN00013934;;шт;555
555;Стойка стабилизатора;SL-H470R;CLHO-90R;;CLHO-90R SL-H470R стойка стабилизатора  555;555/SL стойки стабилизатора;LEN00013935;;шт;555
555;Стойка стабилизатора;SL-H330L;CLHO-91L;;CLHO-91L SL-H330L стойка стабилизатора  555;555/SL стойки стабилизатора;LEN00005864;;шт;555
555;Стойка стабилизатора;SL-H330R;CLHO-91R;;CLHO-91R SL-H330R стойка стабилизатора  555;555/SL стойки стабилизатора;LEN00005865;;шт;555
555;Стойка стабилизатора;SL-7875;CLM-18;;CLM-18 SL-7875 стойка стабилизатора 555;555/SL стойки стабилизатора;AMR00001611;;шт;555
555;Стойка стабилизатора;SL-B015R;CLM-33;;CLM-33/SL-B015R стойка стабилизатора 555;555/SL стойки стабилизатора;LEN00005670;;шт;555
555;Стойка стабилизатора;SL-B015L;CLM-34;;CLM-34/SL-B015L стойка стабилизатора 555;555/SL стойки стабилизатора;LEN00005671;;шт;555
555;Стойка стабилизатора;SL-9420L;CLMZ-42L;;CLMZ-42L SL-9420L стойка стабилизатора 555;555/SL стойки стабилизатора;LEN00002385;3041642;шт;555
555;Стойка стабилизатора;SL-9420R;CLMZ-42R;;CLMZ-42R SL-9420R стойка стабилизатора 555;555/SL стойки стабилизатора;LEN00002386;3041641;шт;555
555;Стойка стабилизатора;SL-4910R;CLN-22;;CLN-22/SL-4910R стойка стабилизатора 555;555/SL стойки стабилизатора;AMR00002104;54448;шт;555
555;Стойка стабилизатора;SL-4910L;CLN-23;;CLN-23/SL-4910L стойка стабилизатора 555;555/SL стойки стабилизатора;AMR00002105;54454;шт;555
555;Стойка стабилизатора;SL-N150R;CLN-35;;CLN-35/SL-N150R стойка стабилизатора 555;555/SL стойки стабилизатора;LEN00006041;;шт;555
555;Стойка стабилизатора;SL-N150L;CLN-36;;CLN-36/SL-N150L стойка стабилизатора 555;555/SL стойки стабилизатора;LEN00006043;;шт;555
555;Стойка стабилизатора;SL-N050R;CLN-42;;CLN-42 SL-N050R стойка стабилизатора 555;555/SL стойки стабилизатора;AMR00000776;54737;шт;555
555;Стойка стабилизатора;SL-N050L;CLN-43;;CLN-43 SL-N050L стойка стабилизатора 555;555/SL стойки стабилизатора;AMR00000775;;шт;555
555;Стойка стабилизатора;SL-N270;CLN-54;;CLN-54 SL-N270 стойка стабилизатора 555;555/SL стойки стабилизатора;LEN00006962;;шт;555
555;Стойка стабилизатора;SL-N025;CLN-6;;CLN-6 SL-N025 стойка стабилизатора 555;555/SL стойки стабилизатора;AMR00000461;54748;шт;555
555;Стойка стабилизатора;SL-N370;CLN-72;;CLN-72/ SL-N370 стойка стабилизатора 555;555/SL стойки стабилизатора;LEN00013466;;шт;555
555;Стойка стабилизатора;SL-3690L;CLT-14;;CLT-14/SL-3690L стойка стабилизатора 555;555/SL стойки стабилизатора;AMR00000330;54263;шт;555
555;Стойка стабилизатора;SL-3690R;CLT-15;;CLT-15 SL-3690R стойка стабилизатора 555;555/SL стойки стабилизатора;LEN00010212;54262;шт;555
555;Стойка стабилизатора;SL-3755;CLT-17;;CLT-17/SL-3755 стойка стабилизатора 555;555/SL стойки стабилизатора;AMR00002034;54306;шт;555
555;Стойка стабилизатора;SL-2965;CLT-18;;CLT-18/SL-2965 стойка стабилизатора 555;555/SL стойки стабилизатора;AMR00000328;54260;шт;555
555;Стойка стабилизатора;SL-3750M;CLT-19;;CLT-19/SL-3750M стойка стабилизатора 555;555/SL стойки стабилизатора;AMR00000331;;шт;555
555;Стойка стабилизатора;SL-2805;CLT-2;;CLT-2/SL-2805 стойка стабилизатора 555;555/SL стойки стабилизатора;LEN00012300;;шт;555
555;Стойка стабилизатора;SL-3640;CLT-29;;CLT-29/SL-3640 стойка стабилизатора 555;555/SL стойки стабилизатора;134;54300;шт;555
555;Стойка стабилизатора;SL-2960;CLT-4;;CLT-4 SL-2960 стойка стабилизатора 555;555/SL стойки стабилизатора;AMR00000327;54126;шт;555
555;Стойка стабилизатора;SL-3830;CLT-41;;CLT-41/SL-3830 стойка стабилизатора 555;555/SL стойки стабилизатора;135;54522;шт;555
555;Стойка стабилизатора;SL-3890R;CLT-45;;CLT-45/SL-3890R стойка стабилизатора 555;555/SL стойки стабилизатора;2446;54608;шт;555
555;Стойка стабилизатора;SL-3890L;CLT-46;;CLT-46/SL-3890L стойка стабилизатора 555;555/SL стойки стабилизатора;2445;54607;шт;555
555;Стойка стабилизатора;SL-3920;CLT-50;;CLT-50 SL-3920 стойка стабилизатора 555;555/SL стойки стабилизатора;LEN00012319;;шт;555
555;Стойка стабилизатора;SL-T490;CLT-56;;CLT-56 SL-T490 стойка стабилизатора 555;555/SL стойки стабилизатора;LEN00005049;;шт;555
555;Стойка стабилизатора;SL-T455;CLT-57;;CLT-57 SL-T455 стойка стабилизатора 555;555/SL стойки стабилизатора;AMR00000137;;шт;555
555;Стойка стабилизатора;SL-T270L;CLT-58;;CLT-58/SL-T270L стойка стабилизатора 555;555/SL стойки стабилизатора;LEN00001607;;шт;555
555;Стойка стабилизатора;SL-T270R;CLT-59;;CLT-59/SL-T270R стойка стабилизатора 555;555/SL стойки стабилизатора;LEN00004138;;шт;555
555;Стойка стабилизатора;SL-T055R;CLT-64;;CLT-64/SL-T055R стойка стабилизатора 555;555/SL стойки стабилизатора;LEN00002211;54739;шт;555
555;Стойка стабилизатора;SL-T055L;CLT-65;;CLT-65/SL-T055L стойка стабилизатора 555;555/SL стойки стабилизатора;LEN00000829;54738;шт;555
555;Стойка стабилизатора;SL-3655;CLT-67;;CLT-67/SL-3655 стойка стабилизатора 555;555/SL стойки стабилизатора;LEN00012848;;шт;555
555;Стойка стабилизатора;SL-T020;CLT-69;;CLT-69/SL-T020 стойка стабилизатора 555;555/SL стойки стабилизатора;LEN00006026;;шт;555
555;Стойка стабилизатора;SL-2990L;CLT-7;;CLT-7/SL-2990L стойка стабилизатора /555;555/SL стойки стабилизатора;132;54127;шт;555
555;Стойка стабилизатора;SL-2900R;CLT-73;;CLT-73 SL-2900R стойка стабилизатора 555;555/SL стойки стабилизатора;AMR00000867;;шт;555
555;Стойка стабилизатора;SL-2900L;CLT-74;;CLT-74 SL-2900L стойка стабилизатора 555;555/SL стойки стабилизатора;AMR00000866;;шт;555
555;Стойка стабилизатора;SL-T340;CLT-75;;CLT-75 SL-T340 стойка стабилизатора 555;555/SL стойки стабилизатора;AMR00001788;;шт;555
555;Стойка стабилизатора;SL-2990R;CLT-8;;CLT-8/SL-2990R стойка стабилизатора /555;555/SL стойки стабилизатора;133;54128;шт;555
555;Стойка стабилизатора;SL-T105;CLT-80;;CLT-80 SL-T105 стойка стабилизатора 555;555/SL стойки стабилизатора;LEN00001140;;шт;555
555;Стойка стабилизатора;SL-1610L;;;SL-1610L стойка стабилизатора  555;555/SL стойки стабилизатора;AMR00000915;54341;шт;555
555;Стойка стабилизатора;SL-1610R;;;SL-1610R стойка стабилизатора  555;555/SL стойки стабилизатора;AMR00000916;54340;шт;555
555;Стойка стабилизатора;SL-1650;;;SL-1650 стойка стабилизатора  555;555/SL стойки стабилизатора;LEN00010646;;шт;555
555;Стойка стабилизатора;SL-1685;;;SL-1685 стойка стабилизатора  555;555/SL стойки стабилизатора;1109;54839;шт;555
555;Стойка стабилизатора;SL-1830;;;SL-1830 стойка стабилизатора  555;555/SL стойки стабилизатора;LEN00007346;;шт;555
555;Стойка стабилизатора;SL-2805;;;SL-2805 стойка стабилизатора 555;555/SL стойки стабилизатора;AMR00000325;54123;шт;555
555;Стойка стабилизатора;SL-2885;;;SL-2885 стойка стабилизатора 555;555/SL стойки стабилизатора;LEN00001622;;шт;555
555;Стойка стабилизатора;SL-2935;;;SL-2935 стойка стабилизатора 555;555/SL стойки стабилизатора;AMR00000326;54261;шт;555
555;Стойка стабилизатора;SL-3500L;;;SL-3500L стойка стабилизатора  555;555/SL стойки стабилизатора;LEN00008300;;шт;555
555;Стойка стабилизатора;SL-3500R;;;SL-3500R стойка стабилизатора  555;555/SL стойки стабилизатора;LEN00008301;;шт;555
555;Стойка стабилизатора;SL-3565;;;SL-3565 стойка стабилизатора 555;555/SL стойки стабилизатора;AMR00001806;54303;шт;555
555;Стойка стабилизатора;SL-3600;;;SL-3600 стойка стабилизатора 555;555/SL стойки стабилизатора;1422;54793;шт;555
555;Стойка стабилизатора;SL-3660;;;SL-3660 стойка стабилизатора 555;555/SL стойки стабилизатора;AMR00000938;54304;шт;555
555;Стойка стабилизатора;SL-3690L;;;SL-3690L стойка стабилизатора 555;555/SL стойки стабилизатора;AMR00000329;54262;шт;555
555;Стойка стабилизатора;SL-3770L;;;SL-3770L стойка стабилизатора  555;555/SL стойки стабилизатора;LEN00012787;;шт;555
555;Стойка стабилизатора;SL-3770R;;;SL-3770R стойка стабилизатора  555;555/SL стойки стабилизатора;LEN00012788;;шт;555
555;Стойка стабилизатора;SL-3835;;;SL-3835 стойка стабилизатора 555;555/SL стойки стабилизатора;136;54551;шт;555
555;Стойка стабилизатора;SL-3845;;;SL-3845 стойка стабилизатора 555;555/SL стойки стабилизатора;AMR00000535;54469;шт;555
555;Стойка стабилизатора;SL-3910L;;;SL-3910L стойка стабилизатора 555;555/SL стойки стабилизатора;LEN00001290;54505;шт;555
555;Стойка стабилизатора;SL-3910R;;;SL-3910R стойка стабилизатора 555;555/SL стойки стабилизатора;LEN00001291;54506;шт;555
555;Стойка стабилизатора;SL-3920;;;SL-3920 стойка стабилизатора 555;555/SL стойки стабилизатора;LEN00008013;;шт;555
555;Стойка стабилизатора;SL-3925L;;;SL-3925L стойка стабилизатора 555;555/SL стойки стабилизатора;LEN00008015;;шт;555
555;Стойка стабилизатора;SL-3955;;;SL-3955 стойка стабилизатора 555;555/SL стойки стабилизатора;AMR00001630;54495;шт;555
555;Стойка стабилизатора;SL-3970;;;SL-3970 стойка стабилизатора 555;555/SL стойки стабилизатора;LEN00003172;54523;шт;555
555;Стойка стабилизатора;SL-3985;;;SL-3985 стойка стабилизатора 555;555/SL стойки стабилизатора;LEN00008993;;шт;555
555;Стойка стабилизатора;SL-4745;;;SL-4745 стойка стабилизатора 555;555/SL стойки стабилизатора;AMR00001398;54307;шт;555
555;Стойка стабилизатора;SL-4845;;;SL-4845 стойка стабилизатора 555;555/SL стойки стабилизатора;AMR00001316;54343;шт;555
555;Стойка стабилизатора;SL-4915;;;SL-4915 стойка стабилизатора 555;555/SL стойки стабилизатора;LEN00010680;;шт;555
555;Стойка стабилизатора;SL-4990;;;SL-4990 стойка стабилизатора 555;555/SL стойки стабилизатора;LEN00000334;54720;шт;555
555;Стойка стабилизатора;SL-6270L;;;SL-6270L стойка стабилизатора 555;555/SL стойки стабилизатора;AMR00001087;54269;шт;555
555;Стойка стабилизатора;SL-6270R;;;SL-6270R стойка стабилизатора 555;555/SL стойки стабилизатора;AMR00001088;54268;шт;555
555;Стойка стабилизатора;SL-6275L;;;SL-6275L стойка стабилизатора 555;555/SL стойки стабилизатора;AMR00001183;54271;шт;555
555;Стойка стабилизатора;SL-6275R;;;SL-6275R стойка стабилизатора 555;555/SL стойки стабилизатора;AMR00001184;54270;шт;555
555;Стойка стабилизатора;SL-6285L;;;SL-6285L стойка стабилизатора 555;555/SL стойки стабилизатора;AMR00001829;;шт;555
555;Стойка стабилизатора;SL-6285R;;;SL-6285R стойка стабилизатора 555;555/SL стойки стабилизатора;AMR00001828;;шт;555
555;Стойка стабилизатора;SL-6300L;;;SL-6300L стойка стабилизатора 555;555/SL стойки стабилизатора;137;54409;шт;555
555;Стойка стабилизатора;SL-6300R;;;SL-6300R стойка стабилизатора 555;555/SL стойки стабилизатора;138;54408;шт;555
555;Стойка стабилизатора;SL-7390;;;SL-7390 стойка стабилизатора 555;555/SL стойки стабилизатора;2374;54265;шт;555
555;Стойка стабилизатора;SL-7560;;;SL-7560 стойка стабилизатора 555;555/SL стойки стабилизатора;AMR00002224;54812;шт;555
555;Стойка стабилизатора;SL-7720L;;;SL-7720L стойка стабилизатора 555;555/SL стойки стабилизатора;LEN00000390;54525;шт;555
555;Стойка стабилизатора;SL-7720R;;;SL-7720R стойка стабилизатора 555;555/SL стойки стабилизатора;LEN00000391;54524;шт;555
555;Стойка стабилизатора;SL-7840L;;;SL-7840L стойка стабилизатора 555;555/SL стойки стабилизатора;AMR00001328;54316;шт;555
555;Стойка стабилизатора;SL-7840R;;;SL-7840R стойка стабилизатора 555;555/SL стойки стабилизатора;AMR00001329;54317;шт;555
555;Стойка стабилизатора;SL-A110;;;SL-A110 стойка стабилизатора 555;555/SL стойки стабилизатора;LEN00010213;;шт;555
555;Стойка стабилизатора;SL-B010;;;SL-B010 стойка стабилизатора 555;555/SL стойки стабилизатора;LEN00007601;;шт;555
555;Стойка стабилизатора;SL-B100;;;SL-B100 стойка стабилизатора 555;555/SL стойки стабилизатора;LEN00011851;;шт;555
555;Стойка стабилизатора;SL-H025R;;;SL-H025R стойка стабилизатора 555;555/SL стойки стабилизатора;LEN00009584;;шт;555
555;Стойка стабилизатора;SL-H345L;;;SL-H345L стойка стабилизатора  555;555/SL стойки стабилизатора;LEN00011448;;шт;555
555;Стойка стабилизатора;SL-H345R;;;SL-H345R стойка стабилизатора  555;555/SL стойки стабилизатора;LEN00011449;;шт;555
555;Стойка стабилизатора;SL-H520L;;;SL-H520L стойка стабилизатора  555;555/SL стойки стабилизатора;LEN00011759;;шт;555
555;Стойка стабилизатора;SL-H520R;;;SL-H520R стойка стабилизатора  555;555/SL стойки стабилизатора;LEN00011760;;шт;555
555;Стойка стабилизатора;SL-K8040;;;SL-K8040 стойка стабилизатора 555;555/SL стойки стабилизатора;LEN00011317;;шт;555
555;Стойка стабилизатора;SL-N045;;;SL-N045 стойка стабилизатора 555;555/SL стойки стабилизатора;2037;54750;шт;555
555;Стойка стабилизатора;SL-N540L;;;SL-N540L стойка стабилизатора 555;555/SL стойки стабилизатора;LEN00009003;;шт;555
555;Стойка стабилизатора;SL-N540R;;;SL-N540R стойка стабилизатора 555;555/SL стойки стабилизатора;LEN00009004;;шт;555
555;Стойка стабилизатора;SL-N550L;;;SL-N550L стойка стабилизатора 555;555/SL стойки стабилизатора;LEN00010990;;шт;555
555;Стойка стабилизатора;SL-N570R;;;SL-N570R стойка стабилизатора 555;555/SL стойки стабилизатора;LEN00010991;;шт;555
555;Стойка стабилизатора;SL-N690L;;;SL-N690L стойка стабилизатора 555;555/SL стойки стабилизатора;LEN00009645;;шт;555
555;Стойка стабилизатора;SL-N690R;;;SL-N690R стойка стабилизатора 555;555/SL стойки стабилизатора;LEN00009646;;шт;555
555;Стойка стабилизатора;SL-N790L;;;SL-N790L стойка стабилизатора 555;555/SL стойки стабилизатора;LEN00011877;;шт;555
555;Стойка стабилизатора;SL-N790R;;;SL-N790R стойка стабилизатора 555;555/SL стойки стабилизатора;LEN00011878;;шт;555
555;Стойка стабилизатора;SL-T220;;;SL-T220 стойка стабилизатора 555;555/SL стойки стабилизатора;LEN00002326;54842;шт;555
555;Стойка стабилизатора;SL-T275;;;SL-T275 стойка стабилизатора 555;555/SL стойки стабилизатора;LEN00009071;;шт;555
555;Стойка стабилизатора;SL-T285;;;SL-T285 стойка стабилизатора 555;555/SL стойки стабилизатора;AMR00001936;54903;шт;555
555;Стойка стабилизатора;SL-T615L;;;SL-T615L стойка стабилизатора 555;555/SL стойки стабилизатора;LEN00006920;;шт;555
555;Стойка стабилизатора;SL-T615R;;;SL-T615R стойка стабилизатора 555;555/SL стойки стабилизатора;LEN00006921;;шт;555
555;Стойка стабилизатора;SL-T650;;;SL-T650 стойка стабилизатора 555;555/SL стойки стабилизатора;LEN00011945;;шт;555
555;Стойка стабилизатора;SLH-520L;;;SLH-520L стойка стабилизатора 555;555/SL стойки стабилизатора;LEN00008907;;шт;555
555;Стойка стабилизатора;SLH-520R;;;SLH-520R стойка стабилизатора 555;555/SL стойки стабилизатора;LEN00008906;;шт;555
555;Стойка стабилизатора;SLH-60R;;;SLH-60R стойка стабилизатора 555;555/SL стойки стабилизатора;AMR00001716;54945;шт;555
555;Стойка стабилизатора;SLK-8060L;;;SLK-8060L стойка стабилизатора 555;555/SL стойки стабилизатора;LEN00006909;;шт;555
555;Стойка стабилизатора;SLK-8060R;;;SLK-8060R стойка стабилизатора 555;555/SL стойки стабилизатора;LEN00006910;;шт;555
555;Стойка стабилизатора;SLK-8250L;;;SLK-8250L стойка стабилизатора  555;555/SL стойки стабилизатора;LEN00006631;;шт;555
555;Стойка стабилизатора;SLK-8250R;;;SLK-8250R стойка стабилизатора  555;555/SL стойки стабилизатора;LEN00006632;;шт;555
555;Стойка стабилизатора;SLN-040;;;SLN-040 стойка стабилизатора 555;555/SL стойки стабилизатора;AMR00002305;54749;шт;555
555;Стойка стабилизатора;SLN-090L;;;SLN-090L стойка стабилизатора 555;555/SL стойки стабилизатора;AMR00002309;54773;шт;555
555;Стойка стабилизатора;SLN-090R;;;SLN-090Rстойка стабилизатора 555;555/SL стойки стабилизатора;AMR00002310;54774;шт;555
555;Стойка стабилизатора;SLN-120L;;;SLN-120L стойка стабилизатора 555;555/SL стойки стабилизатора;AMR00001376;54949;шт;555
555;Стойка стабилизатора;SLN-120R;;;SLN-120R стойка стабилизатора 555;555/SL стойки стабилизатора;AMR00001377;54950;шт;555
555;Стойка стабилизатора;SLN-350;;;SLN-350 стойка стабилизатора 555;555/SL стойки стабилизатора;LEN00007115;;шт;555
555;Тяга рулевая;SR-6190;CRHO-11;;CRHO-11/SR-6190 тяга рулевая 555;555/SR рулевые тяги;LEN00001671;54157;шт;555
555;Тяга рулевая;SR-6210;CRHO-13;;CRHO-13/SR-6210 тяга рулевая 555;555/SR рулевые тяги;LEN00012343;;шт;555
555;Тяга рулевая;SR-6260;CRHO-15;;CRHO-15/SR-6260 тяга рулевая 555;555/SR рулевые тяги;AMR00000339;54282;шт;555
555;Тяга рулевая;SR-6280;CRHO-23;;CRHO-23 SR-6280 тяга рулевая 555;555/SR рулевые тяги;AMR00000340;;шт;555
555;Тяга рулевая;SR-6340R;CRHO-32;;CRHO-32 SR-6340R тяга рулевая 555;555/SR рулевые тяги;AMR00000342;54728;шт;555
555;Тяга рулевая;SR-6340L;CRHO-33;;CRHO-33 SR-6340L тяга рулевая 555;555/SR рулевые тяги;AMR00000341;54727;шт;555
555;Тяга рулевая;SR-6320;CRHO-34;;CRHO-34/SR-6320 тяга рулевая 555;555/SR рулевые тяги;AMR00001297;54669;шт;555
555;Тяга рулевая;SR-H150;CRHO-49;;CRHO-49/SR-H150 тяга рулевая 555;555/SR рулевые тяги;LEN00011386;;шт;555
555;Тяга рулевая;SR-H040;CRHO-51;;CRHO-51/SR-H040 тяга рулевая 555;555/SR рулевые тяги;AMR00001854;54934;шт;555
555;Тяга рулевая;SR-H330;CRHO-73;;CRHO-73/SR-H330 тяга рулевая 555;555/SR рулевые тяги;LEN00014141;;шт;555
555;Тяга рулевая;SR-H470;CRHO-76;;CRHO-76/SR-H470 тяга рулевая 555;555/SR рулевые тяги;LEN00013324;;шт;555
555;Тяга рулевая;SR-7840;CRM-20;;CRM-20/SR-7840 тяга рулевая 555;555/SR рулевые тяги;AMR00000343;54364;шт;555
555;Тяга рулевая;SR-4780;CRN-16;;CRN-16/SR-4780 тяга рулевая 555;555/SR рулевые тяги;AMR00000617;54152;шт;555
555;Тяга рулевая;SR-4850;CRN-22;;CRN-22/23 SR-4850 тяга рулевая 555;555/SR рулевые тяги;AMR00000334;54229;шт;555
555;Тяга рулевая;SR-4851;CRN-22;;CRN-22/SR-4851 тяга рулевая 555;555/SR рулевые тяги;LEN00002074;54230;шт;555
555;Тяга рулевая;SR-4860;CRN-24;;CRN-24/SR-4860 тяга рулевая 555;555/SR рулевые тяги;2512;54278;шт;555
555;Тяга рулевая;SR-4880;CRN-25;;CRN-25/SR-4880 тяга рулевая 555;555/SR рулевые тяги;AMR00000335;54280;шт;555
555;Тяга рулевая;SR-4920;CRN-29;;CRN-29/SR-4920 тяга рулевая 555;555/SR рулевые тяги;AMR00001890;54493;шт;555
555;Тяга рулевая;SR-4940;CRN-33;;CRN-33/SR-4940 тяга рулевая 555;555/SR рулевые тяги;LEN00013011;;шт;555
555;Тяга рулевая;SR-4760;CRN-6;;CRN-6/SR-4760 тяга рулевая 555;555/SR рулевые тяги;LEN00002327;54151;шт;555
555;Тяга рулевая;SR-N330;CRN-63;;CRN-63/SR-N330 тяга рулевая 555;555/SR рулевые тяги;LEN00005118;;шт;555
555;Тяга рулевая;SR-6660;CRSU-9;;CRSU-9/SR-6660 тяга рулевая 555;555/SR рулевые тяги;AMR00001100;54974;шт;555
555;Тяга рулевая;SR-T190;CRT-101;;CRT-101/SR-T190 тяга рулевая 555;555/SR рулевые тяги;LEN00002183;54854;шт;555
555;Тяга рулевая;SR-3970;CRT-116;;CRT-116/SR-3970 тяга рулевая 555;555/SR рулевые тяги;LEN00005567;;шт;555
555;Тяга рулевая;SR-2920;CRT-23;;CRT-23 SR-2920 тяга рулевая 555;555/SR рулевые тяги;AMR00001166;54200;шт;555
555;Тяга рулевая;SR-2930;CRT-25;;CRT-25 SR-2930 тяга рулевая 555;555/SR рулевые тяги;AMR00001414;;шт;555
555;Тяга рулевая;SR-2961;CRT-28;;CRT-28/SR-2961 тяга рулевая 555;555/SR рулевые тяги;AMR00000333;54140;шт;555
555;Тяга рулевая;SR-2990;CRT-34;;CRT-34/SR-2990 тяга рулевая 555;555/SR рулевые тяги;139;;шт;555
555;Тяга рулевая;SR-3500;CRT-35;;CRT-35/SR-3500 тяга рулевая 555;555/SR рулевые тяги;LEN00001621;54143;шт;555
555;Тяга рулевая;SR-3510;CRT-36;;CRT-36/SR-3510 тяга рулевая /555;555/SR рулевые тяги;141;54144;шт;555
555;Тяга рулевая;SR-2970;CRT-37;;CRT-37/SR-2970 тяга рулевая 555;555/SR рулевые тяги;AMR00000332;54141;шт;555
555;Тяга рулевая;SR-2991;CRT-45;;CRT-45/SR-2991 тяга рулевая 555;555/SR рулевые тяги;140;54225;шт;555
555;Тяга рулевая;SR-3600;CRT-47;;CRT-47/SR-3600 тяга рулевая 555;555/SR рулевые тяги;142;54148;шт;555
555;Тяга рулевая;SR-3640;CRT-54;;CRT-54 SR-3640 тяга рулевая 555;555/SR рулевые тяги;143;;шт;555
555;Тяга рулевая;SR-3720;CRT-58;;CRT-58/SR-3720 тяга рулевая 555;555/SR рулевые тяги;LEN00000964;54276;шт;555
555;Тяга рулевая;SR-2800;CRT-6;;CRT-6 /SR-2800 тяга рулевая 555;555/SR рулевые тяги;LEN00015076;;шт;555
555;Тяга рулевая;SR-3750;CRT-61;;CRT-61/SR-3750 тяга рулевая 555;555/SR рулевые тяги;LEN00002044;54350;шт;555
555;Тяга рулевая;SR-3940;CRT-73;;CRT-73/SR-3940 тяга рулевая 555;555/SR рулевые тяги;AMR00000336;54487;шт;555
555;Тяга рулевая;SR-3840;CRT-77;;CRT-77/SR-3840 тяга рулевая 555;555/SR рулевые тяги;AMR00002166;54421;шт;555
555;Тяга рулевая;SR-3900;CRT-78;;CRT-78/SR-3900 тяга рулевая 555;555/SR рулевые тяги;LEN00011611;;шт;555
555;Тяга рулевая;SR-3980;CRT-84;;CRT-84 SR-3980 тяга рулевая 555;555/SR рулевые тяги;AMR00000337;54651;шт;555
555;Тяга рулевая;SR-3880;CRT-89;;CRT-89/SR-3880 тяга рулевая 555;555/SR рулевые тяги;LEN00004939;Коля Мих.;шт;555
555;Тяга рулевая;SR-T030;CRT-90;;CRT-90/SR-T030 тяга рулевая 555;555/SR рулевые тяги;AMR00001013;54714;шт;555
555;Тяга рулевая центральная;SC-4680;;;SC-4680 тяга рулевая  центральная 555;555/SR рулевые тяги;LEN00001061;54430;шт;555
555;Тяга рулевая поперечная;SC-4680;;;SC-4680 тяга рулевая поперечная 555;555/SR рулевые тяги;LEN00004445;;шт;555
555;Тяга рулевая центральная;SC-7540;;;SC-7540 тяга рулевая  центральная 555;555/SR рулевые тяги;LEN00006612;;шт;555
555;Тяга рулевая;SR-2410;;;SR-2410 тяга рулевая 555;555/SR рулевые тяги;LEN00009539;54139;шт;555
555;Тяга рулевая;SR-2940;;;SR-2940 тяга рулевая 555;555/SR рулевые тяги;AMR00001580;54139;шт;555
555;Тяга рулевая;SR-3270;;;SR-3270 тяга рулевая 555;555/SR рулевые тяги;LEN00003719;;шт;555
555;Тяга рулевая;SR-3560;;;SR-3560 тяга рулевая 555;555/SR рулевые тяги;2380;54201;шт;555
555;Тяга рулевая;SR-3740;;;SR-3740 тяга рулевая 555;555/SR рулевые тяги;AMR00000235;54277;шт;555
555;Тяга рулевая;SR-3811;;;SR-3811 тяга рулевая 555;555/SR рулевые тяги;LEN00001327;54415;шт;555
555;Тяга рулевая;SR-3901;;;SR-3901 тяга рулевая 555;555/SR рулевые тяги;AMR00001704;54668;шт;555
555;Тяга рулевая;SR-3960;;;SR-3960 тяга рулевая 555;555/SR рулевые тяги;LEN00003228;SR3960;шт;555
555;Тяга рулевая;SR-4840;;;SR-4840 тяга рулевая 555;555/SR рулевые тяги;AMR00001426;54154;шт;555
555;Тяга рулевая;SR-4870;;;SR-4870 тяга рулевая 555;555/SR рулевые тяги;AMR00001637;54279;шт;555
555;Тяга рулевая;SR-4970;;;SR-4970 тяга рулевая 555;555/SR рулевые тяги;AMR00001990;54709;шт;555
555;Тяга рулевая;SR-6220;;;SR-6220 тяга рулевая 555;555/SR рулевые тяги;AMR00000338;54159;шт;555
555;Тяга рулевая;SR-6380;;;SR-6380 тяга рулевая 555;555/SR рулевые тяги;AMR00000991;54857;шт;555
555;Тяга рулевая;SR-6650;;;SR-6650 тяга рулевая 555;555/SR рулевые тяги;LEN00008726;;шт;555
555;Тяга рулевая;SR-7700;;;SR-7700 тяга рулевая 555;555/SR рулевые тяги;1425;54162;шт;555
555;Тяга рулевая;SR-7760;;;SR-7760 тяга рулевая 555;555/SR рулевые тяги;AMR00002136;54802;шт;555
555;Тяга рулевая;SR-A110;;;SR-A110 тяга рулевая 555;555/SR рулевые тяги;LEN00012770;;шт;555
555;Тяга рулевая;SR-B010;;;SR-B010 тяга рулевая 555;555/SR рулевые тяги;LEN00012393;;шт;555
555;Тяга рулевая;SR-B160;;;SR-B160 тяга рулевая 555;555/SR рулевые тяги;LEN00009946;;шт;555
555;Тяга рулевая;SR-H260;;;SR-H260 тяга рулевая 555;555/SR рулевые тяги;LEN00007003;;шт;555
555;Тяга рулевая;SR-N090;;;SR-N090 тяга рулевая 555;555/SR рулевые тяги;AMR00001822;54776;шт;555
555;Тяга рулевая;SR-N120;;;SR-N120 тяга рулевая 555;555/SR рулевые тяги;LEN00001261;54805;шт;555
555;Тяга рулевая;SR-N240;;;SR-N240 тяга рулевая 555;555/SR рулевые тяги;LEN00009016;;шт;555
555;Тяга рулевая;SR-N330;;;SR-N330 тяга рулевая 555;555/SR рулевые тяги;LEN00008167;;шт;555
555;Тяга рулевая;SR-N360R;;;SR-N360R тяга рулевая 555;555/SR рулевые тяги;LEN00007325;;шт;555
555;Тяга рулевая;SR-N680;;;SR-N680 тяга рулевая 555;555/SR рулевые тяги;LEN00008249;;шт;555
555;Тяга рулевая;SR-S100;;;SR-S100 Тяга рулевая | перед прав/лев | 555;555/SR рулевые тяги;LEN00010923;;шт;555
555;Тяга рулевая;SR-T020;;;SR-T020 рулевая тяга 555;555/SR рулевые тяги;1874;;шт;555
555;Тяга рулевая;SR-T050;;;SR-T050 тяга рулевая 555;555/SR рулевые тяги;LEN00002041;54963;шт;555
555;Тяга рулевая;SR-T220;;;SR-T220 тяга рулевая 555;555/SR рулевые тяги;LEN00004556;;шт;555
555;Тяга рулевая;SR-T270;;;SR-T270 тяга рулевая 555;555/SR рулевые тяги;LEN00007526;;шт;555
555;Тяга рулевая;SR-T390;;;SR-T390 тяга рулевая 555;555/SR рулевые тяги;LEN00008398;;шт;555
555;Тяга рулевая;SR-T470;;;SR-T470 тяга рулевая 555;555/SR рулевые тяги;LEN00010107;;шт;555
555;Тяга рулевая;SR-T480;;;SR-T480 тяга рулевая 555;555/SR рулевые тяги;LEN00014005;;шт;555
555;Тяга рулевая;SR-T530;;;SR-T530 тяга рулевая 555;555/SR рулевые тяги;LEN00006888;;шт;555
555;Тяга рулевая;SR-T720;;;SR-T720 тяга рулевая 555;555/SR рулевые тяги;LEN00010876;;шт;555
555;Тяга рулевая;SR-T840;;;SR-T840 тяга рулевая 555;555/SR рулевые тяги;LEN00008531;;шт;555
555;Тяга рулевая;SR-2969;CRT-28;;СRT-28/SR-2969 тяга рулевая 555;555/SR рулевые тяги;LEN00002715;54140;шт;555
CHASE;Шаровая опора;SB-4842;CBN-64;;CBN-64 SB-4842 шаровые опоры TERRANO R50  CHASE;CHASE/SB шаровые опоры;773;40160-0W025;шт;CHASE
CHASE;Шаровая опора;;CBSU-3;21067-GA050;CBSU-3 21067-GA050 шаровые опоры  FORESTER/LEGASY   CHASE;CHASE/SB шаровые опоры;2237;;шт;CHASE
CHASE;Шаровая опора;SB-3832R;CBT-44R;43340-59105;CBT-44R/SB-3832R 43340-59105 шаровые опоры PROGRES JCG10 CHASE;CHASE/SB шаровые опоры;765;;шт;CHASE
CHASE;Шаровая опора;SB-2381;;;SB-2381 шаровые опоры TOWNACE CM7#/8# CHASE;CHASE/SB шаровые опоры;756;43360-29056;шт;CHASE
CHASE;Шаровая опора;SB-2502;;;SB-2502 шаровые опоры LITEACE CM7#/8# CHASE;CHASE/SB шаровые опоры;757;43330-29175;шт;CHASE
CHASE;Шаровая опора;SB-2932;;;SB-2932 шаровые опоры SXV20 LOW FR CHASE;CHASE/SB шаровые опоры;758;43330-39285;шт;CHASE
CHASE;Шаровая опора;SB-3752L;;;SB-3752L шаровые опоры ACV30/ALPHARD ANH1# CHASE;CHASE/SB шаровые опоры;760;43340-29175;шт;CHASE
CHASE;Шаровая опора;SB-3752R;;;SB-3752R шаровые опоры ACV30/ALPHARD ANH1# CHASE;CHASE/SB шаровые опоры;761;43330-29405;шт;CHASE
CHASE;Шаровая опора;SB-3831;;;SB-3831  шаровые опоры GX100/GS171 UP CHASE;CHASE/SB шаровые опоры;763;43310-39045;шт;CHASE
CHASE;Шаровая опора;SB-3832L;;;SB-3832L  шаровые опоры PROGRES JCG10 CHASE;CHASE/SB шаровые опоры;764;43340-59105;шт;CHASE
CHASE;Шаровая опора;SB-3881;;;SB-3881 шаровые опоры HILUX VIGO 04C   CHASE;CHASE/SB шаровые опоры;767;43310-09015;шт;CHASE
CHASE;Шаровая опора;SB-3982L;;;SB-3982L шаровые опоры MARK GX110 LH      CHASE;CHASE/SB шаровые опоры;768;43340-59065;шт;CHASE
CHASE;Шаровая опора;SB-3982R;;;SB-3982R шаровые опоры MARK GX110 RH  CHASE;CHASE/SB шаровые опоры;770;43330-59065;шт;CHASE
CHASE;Шаровая опора;SB-4562;;;SB-4562 шаровые опоры TERRANO WD21   CHASE;CHASE/SB шаровые опоры;771;40160-50W25;шт;CHASE
CHASE;Шаровая опора;SB-4672;;;SB-4672 шаровые опоры DATSUN PICK UP D21 URWAN CHASE;CHASE/SB шаровые опоры;772;40160-01G50;шт;CHASE
CHASE;Шаровая опора;SB-6182;;;SB-6182 шаровые опоры  ACCORD/ODISSEY  CHASE;CHASE/SB шаровые опоры;776;51220-SM4-013;шт;CHASE
CHASE;Шаровая опора;SB-6185;;;SB-6185 шаровые опоры  ACCORD 89~   CHASE;CHASE/SB шаровые опоры;777;51270-SM4-A13;шт;CHASE
CHASE;Шаровая опора;SB-6272;;;SB-6272 шаровые опоры  CR-V RD_   CHASE;CHASE/SB шаровые опоры;780;51270-SR3-013;шт;CHASE
CHASE;Рулевой наконечник;SE-6301L;CEHO-18;53560-SEL-T01;CEHO-18 SE-6301L 53560-SEL-T01 рулевой наконечник FIT 01- CHASE;CHASE/SE рулевой наконечник;1855;53560-SEL-T01;шт;CHASE
CHASE;Рулевой наконечник;SE-6211L;CEHO-7L;;CEHO-7L SE-6211L рулевой наконечник RA1-RA4/ACCORD CHASE;CHASE/SE рулевой наконечник;689;53560-SV4-003;шт;CHASE
CHASE;Рулевой наконечник;SE-6211R;CEHO-7R;;CEHO-7R SE-6211R рулевой наконечник RA1-RA4/ACCORD CHASE;CHASE/SE рулевой наконечник;690;53540-SV4-003;шт;CHASE
CHASE;Рулевой наконечник;SE-7571;CES-14;;CES-14 SE-7571 рулевой наконечник ESCUDO TA11 95- OUT CHASE;CHASE/SE рулевой наконечник;1856;48810-77E00;шт;CHASE
CHASE;Рулевой наконечник;;;D350-32-280A;D350-32-280A рулевой наконечник Demio DY3/5 RH CHASE;CHASE/SE рулевой наконечник;2178;;шт;CHASE
CHASE;Рулевой наконечник;SE-2471;;;SE-2471 рулевой наконечник HILUX LN130/LN61 CHASE;CHASE/SE рулевой наконечник;631;45046-39105;шт;CHASE
CHASE;Рулевой наконечник;SE-2651;;;SE-2651 рулевой наконечник AT191/AE10#/VITZ CHASE;CHASE/SE рулевой наконечник;677;45046-19175;шт;CHASE
CHASE;Рулевой наконечник;SE-2931;;;SE-2931 рулевой наконечник SXV10 CHASE;CHASE/SE рулевой наконечник;678;45046-29255;шт;CHASE
CHASE;Рулевой наконечник;SE-2991R;;;SE-2991R рулевой наконечник ST191/IPSUM CHASE;CHASE/SE рулевой наконечник;680;45046-29275;шт;CHASE
CHASE;Рулевой наконечник;SE-3511;;;SE-3511 рулевой наконечник GX90/GX100 CHASE;CHASE/SE рулевой наконечник;681;45046-29285;шт;CHASE
CHASE;Рулевой наконечник;SE-3601L;;;SE-3601L рулевой наконечник VITZ NCP1# CHASE;CHASE/SE рулевой наконечник;682;45047-59026;шт;CHASE
CHASE;Рулевой наконечник;SE-3601R;;;SE-3601R рулевой наконечник VITZ NCP1# CHASE;CHASE/SE рулевой наконечник;683;45046-59026;шт;CHASE
CHASE;Рулевой наконечник;SE-3631;;;SE-3631 рулевой наконечник HILUX 4WD 97- OUT CHASE;CHASE/SE рулевой наконечник;2180;45046-39385;шт;CHASE
CHASE;Рулевой наконечник;SE-3632;;;SE-3632 рулевой наконечник HILUX 4WD 97- IN CHASE;CHASE/SE рулевой наконечник;2181;45406-39185;шт;CHASE
CHASE;Рулевой наконечник;SE-3641L;;;SE-3641 L рулевой наконечник NZE12#/ANE10/NCP9# CHASE;CHASE/SE рулевой наконечник;684;45047-19115;шт;CHASE
CHASE;Рулевой наконечник;SE-3641R;;;SE-3641 R рулевой наконечник NZE12#/ANE10/NCP9# CHASE;CHASE/SE рулевой наконечник;685;45046-49115;шт;CHASE
CHASE;Рулевой наконечник;SE-4461L;;;SE-4461 L рулевой наконечник ATLAS F22 CHASE;CHASE/SE рулевой наконечник;1850;48571-T3025;шт;CHASE
CHASE;Рулевой наконечник;SE-4461R;;;SE-4461 R рулевой наконечник ATLAS F22 CHASE;CHASE/SE рулевой наконечник;1851;48561-T3025;шт;CHASE
CHASE;Рулевой наконечник;SE-4811;;;SE-4811 рулевой наконечник MARCH (K11) CHASE;CHASE/SE рулевой наконечник;1852;;шт;CHASE
CHASE;Рулевой наконечник;SE-4871;;;SE-4871 рулевой наконечник A31/ NY11 CHASE;CHASE/SE рулевой наконечник;686;48520-0M085;шт;CHASE
CHASE;Рулевой наконечник;SE-6251;;;SE-6251 рулевой наконечник Odissey 2WD LX/EX 99- CHASE;CHASE/SE рулевой наконечник;1854;53540-S0X-A02;шт;CHASE
CHASE;Рулевой наконечник;SE-7721;;;SE-7721 рулевой наконечник PAJERO V14,V23,V24 CHASE;CHASE/SE рулевой наконечник;1857;MB831043;шт;CHASE
CHASE;Стойка стабилизатора;;;20470-SA000;20470-SA000 тяга стаб. Forester 01-, Legacy 03- FR CHASE;CHASE/SL стойки стабилизатора;2231;;шт;CHASE
CHASE;Стойка стабилизатора;;;48819-52010;48819-52010 тяга стабилизатора Vitz/Platz/FunCargo наборные CHASE;CHASE/SL стойки стабилизатора;726;48819-52010;шт;CHASE
CHASE;Стойка стабилизатора;;;48820-44020;48820-44020 тяга стаб. IPSUM ACM2# CHASE;CHASE/SL стойки стабилизатора;2232;;шт;CHASE
CHASE;Стойка стабилизатора;;;51320-SAA-003;51320-SAA-003 тяга стабилизатора Fit FR, RH CHASE;CHASE/SL стойки стабилизатора;727;51320-SAA-003;шт;CHASE
CHASE;Стойка стабилизатора;;;51321-SAA-003;51321-SAA-003 тяга стабилизатора Fit FR, LH CHASE;CHASE/SL стойки стабилизатора;728;51321-SAA-003;шт;CHASE
CHASE;Стойка стабилизатора;;;52320-S7A-003;52320-S7A-003 тяга стабилизатора STREAM RR, RH CHASE;CHASE/SL стойки стабилизатора;729;52320-S7A-003;шт;CHASE
CHASE;Стойка стабилизатора;;;52321-S7A-003;52321-S7A-003 тяга стабилизатора STREAM RR, LH CHASE;CHASE/SL стойки стабилизатора;730;52321-S7A-003;шт;CHASE
CHASE;Стойка стабилизатора;SL-6225R;CLHO-12;;CLHO-12 SL-6225R тяга стабилизатора CR-V 97 RR CHASE;CHASE/SL стойки стабилизатора;746;52320-S10-003;шт;CHASE
CHASE;Стойка стабилизатора;SL-6225L;CLHO-13;;CLHO-13 SL-6225L тяга стабилизатора CR-V 97 RR CHASE;CHASE/SL стойки стабилизатора;745;52321-S10-003;шт;CHASE
CHASE;Стойка стабилизатора;;CLHO-20;51320-S0X-A02;CLHO-20 51320-S0X-A02 тяга стаб. ODISSEY 2WD FR CHASE;CHASE/SL стойки стабилизатора;2233;;шт;CHASE
CHASE;Стойка стабилизатора;SL-6300R;CLHO-25;51320-SEL-T0;CLHO-25 SL-6300R  51320-SEL-T0тяга стабилизатора FIT FR,RH CHASE   (с толстым пальцем, с разворотом);CHASE/SL стойки стабилизатора;755;;шт;CHASE
CHASE;Стойка стабилизатора;SL-6300L;CLHO-26;51321-SEL-T01;CLHO-26 SL-6300L 51321-SEL-T01 тяга стабилизатора FIT FR,LH CHASE (с толстым пальцем, с разворотом);CHASE/SL стойки стабилизатора;754;;шт;CHASE
CHASE;Стойка стабилизатора;SL-6280R;CLHO-6;;CLHO-6 SL-6280R тяга стабилизатора ACCORD 98 CHASE;CHASE/SL стойки стабилизатора;753;51320-S84-A01;шт;CHASE
CHASE;Стойка стабилизатора;SL-6280L;CLHO-7L;;CLHO-7L SL-6280L тяга стабилизатора ACCORD 98 CHASE;CHASE/SL стойки стабилизатора;752;51321-S84-A01;шт;CHASE
CHASE;Стойка стабилизатора;SL-2805;;;SL-2805 тяга стабилизатора AE111/ST191 CHASE;CHASE/SL стойки стабилизатора;731;48830-20010;шт;CHASE
CHASE;Стойка стабилизатора;SL-2960;;;SL-2960 тяга стабилизатора AE10#/CE10#/EE10 CHASE;CHASE/SL стойки стабилизатора;733;48820-33010;шт;CHASE
CHASE;Стойка стабилизатора;SL-2965;;;SL-2965 тяга стабилизатора Corolla 4WD/Carib AE11# CHASE;CHASE/SL стойки стабилизатора;734;48830-12050;шт;CHASE
CHASE;Стойка стабилизатора;SL-2990L;;;SL-2990L тяга стабилизатора AT190/ST191 CHASE;CHASE/SL стойки стабилизатора;735;48810-20020;шт;CHASE
CHASE;Стойка стабилизатора;SL-2990R;;;SL-2990R тяга стабилизатора AT190/ST191 CHASE;CHASE/SL стойки стабилизатора;736;48820-20040;шт;CHASE
CHASE;Стойка стабилизатора;SL-3750;;;SL-3750 тяга стабилизатора ACV30 FR CHASE;CHASE/SL стойки стабилизатора;740;48820-28050;шт;CHASE
CHASE;Стойка стабилизатора;SL-3835;;;SL-3835 тяга стабилизатора MARK || GX100 96 RE CHASE;CHASE/SL стойки стабилизатора;742;48830-22041;шт;CHASE
CHASE;Стойка стабилизатора;SL-4840;;;SL-4840 тяга стабилизатора TERRANO 50 CHASE;CHASE/SL стойки стабилизатора;2234;54618-0W000;шт;CHASE
CHASE;Стойка стабилизатора;SL-4845;;;SL-4845 тяга стабилизатора TERRANO WD21 RR CHASE;CHASE/SL стойки стабилизатора;744;56260-41G11;шт;CHASE
CHASE;Стойка стабилизатора;SL-6270L;;;SL-6270L тяга стабилизатора CR-V  FR LH CHASE;CHASE/SL стойки стабилизатора;748;51321-S5A-003;шт;CHASE
CHASE;Стойка стабилизатора;SL-6270R;;;SL-6270R тяга стабилизатора CR-V  FR RH CHASE;CHASE/SL стойки стабилизатора;749;51320-S5A-003;шт;CHASE
CHASE;Стойка стабилизатора;SL-6275L;;;SL-6275L тяга стабилизатора CR-V  RR LH CHASE;CHASE/SL стойки стабилизатора;750;52321-S9A-003;шт;CHASE
CHASE;Стойка стабилизатора;SL-6275R;;;SL-6275R тяга стабилизатора CR-V  RR RH CHASE;CHASE/SL стойки стабилизатора;751;52320-S9A-003;шт;CHASE
CHASE;Стойка стабилизатора;SL-N025;;;SL-N025 тяга стабилизатора CUBE Z10 MARCH 11 CHASE;CHASE/SL стойки стабилизатора;2235;56261-47B01;шт;CHASE
CHASE;Стойка стабилизатора;;;48821-B2010;TY-SL28 48821-B2010 стойка стабилизатора CHASE;CHASE/SL стойки стабилизатора;LEN00011349;;шт;CHASE
CHASE;Тяга рулевая;;;34140-AA010;34140-AA010 рулевая тяга Forester,Legacy,Impreza CHASE;CHASE/SR рулевые тяги;2182;;шт;CHASE
CHASE;Тяга рулевая;;;53010-S0X-A02;53010-S0X-A02 рулевая тяга Odyssey 2WD 02- CHASE;CHASE/SR рулевые тяги;2185;;шт;CHASE
CHASE;Тяга рулевая;;;53010-S3N-013;53010-S3N-013 рулевая тяга RA6/RA7/RA8 CHASE;CHASE/SR рулевые тяги;693;53010-S3N-013;шт;CHASE
CHASE;Тяга рулевая;;;53010-S7S-003;53010-S7S-003 рулевая тяга RF3 CHASE;CHASE/SR рулевые тяги;1588;;шт;CHASE
CHASE;Тяга рулевая;SR-6220;CRHO-17;53010-S10-000;CRHO-17 SR-6220 53010-S10-000 рулевая тяга CR-V RD-1,RD2 95- CHASE;CHASE/SR рулевые тяги;1871;;шт;CHASE
CHASE;Тяга рулевая;;CRHO-22;53010-S0X-A01;CRHO-22 53010-S0X-A01 рулевая тяга Odyssey 2WD 99-01 CHASE;CHASE/SR рулевые тяги;2184;;шт;CHASE
CHASE;Тяга рулевая;SR-6280;CRHO-23;53010-S0A-900;CRHO-23 SR-6280  53010-S0A-900 рулевая тяга CF3/CF4/CF5 CHASE;CHASE/SR рулевые тяги;700;;шт;CHASE
CHASE;Тяга рулевая;SR-6300R;CRHO-30;;CRHO-30 SR-6300R рулевая тяга FIT/GD6-GD9 CHASE;CHASE/SR рулевые тяги;702;53010-SEL-003;шт;CHASE
CHASE;Тяга рулевая;SR-6300L;CRHO-31;;CRHO-31 SR-6300L рулевая тяга FIT/GD6-GD9 CHASE;CHASE/SR рулевые тяги;701;53011-SEL-003;шт;CHASE
CHASE;Тяга рулевая;SR-6340R;CRHO-32;;CRHO-32 SR-6340R рулевая тяга FIT 02- CHASE;CHASE/SR рулевые тяги;1873;53010-SAA-J01;шт;CHASE
CHASE;Тяга рулевая;SR-4490;CRN-31;;CRN-31 SR-4490 рулевая тяга SUNNY B14 MT 94-99 CHASE;CHASE/SR рулевые тяги;1861;48521-65F01;шт;CHASE
CHASE;Тяга рулевая;SR-2772;CRT-74;;CRT-74/30 SR-2772 рулевая тяга LITACE 4WD CR3#,CM4#,CM6#CHASE;CHASE/SR рулевые тяги;1858;45503-29235;шт;CHASE
CHASE;Тяга рулевая;SR-2961;;;SR-2961 рулевая тяга AE111/AE100/SXA10 CHASE;CHASE/SR рулевые тяги;694;45503-19215;шт;CHASE
CHASE;Тяга рулевая;SR-2990;;;SR-2990 рулевая тяга AT190 CHASE;CHASE/SR рулевые тяги;695;45503-29435;шт;CHASE
CHASE;Тяга рулевая;SR-2991;;;SR-2991 рулевая тяга AT190/ST191 CHASE;CHASE/SR рулевые тяги;696;45503-29475;шт;CHASE
CHASE;Тяга рулевая;SR-3600;;;SR-3600 рулевая тяга NCP1#/NCP2# CHASE;CHASE/SR рулевые тяги;698;45503-59045;шт;CHASE
CHASE;Тяга рулевая;SR-3602;;;SR-3602 рулевая тяга NCP1#/SCP1#,99-05 CHASE;CHASE/SR рулевые тяги;1860;45503-52020;шт;CHASE
CHASE;Тяга рулевая;SR-3640;;;SR-3640 рулевая тяга NZE12#/ZZE12# CHASE;CHASE/SR рулевые тяги;699;45503-19255;шт;CHASE
CHASE;Тяга рулевая;SR-3720;;;SR-3720 рулевая тяга ST 195,215 4WD CHASE;CHASE/SR рулевые тяги;1866;45503-29445;шт;CHASE
CHASE;Тяга рулевая;SR-3750;;;SR-3750 рулевая тяга WINDOM,CAMRY ACV30 01- CHASE;CHASE/SR рулевые тяги;1867;45503-39225;шт;CHASE
CHASE;Тяга рулевая;SR-3980;;;SR-3980 рулевая тяга MARK 2 , GX110,JZX110 CHASE;CHASE/SR рулевые тяги;1869;45503-39105;шт;CHASE
CHASE;Тяга рулевая;SR-3982;;;SR-3982 рулевая тяга IPSUM ACM21,Picnic/Avensis/VERSO CHASE;CHASE/SR рулевые тяги;1859;45503-49105;шт;CHASE
CHASE;Тяга рулевая;SR-4840;;;SR-4840 рулевая тяга Terrano R50 95- CHASE;CHASE/SR рулевые тяги;1870;48521-0W025;шт;CHASE
CHASE;Тяга рулевая;SR-4850;;;SR-4850 рулевая тяга SUNNY B15 1.5 98- AD Y11 CHASE;CHASE/SR рулевые тяги;2186;48521-4M485;шт;CHASE
CHASE;Тяга рулевая;SR-4880;;;SR-4880 рулевая тяга Cefiro A33 99- CHASE;CHASE/SR рулевые тяги;2187;48521-2Y405;шт;CHASE
CHASE;Тяга рулевая;SR-6211;;;SR-6211 рулевая тяга ODYSSEY 2WD 99-01 CHASE;CHASE/SR рулевые тяги;1862;53010-S0X-A01;шт;CHASE
CHASE;Тяга рулевая;SR-6212;;;SR-6212 рулевая тяга ODYSSEY 2WD 99-01 CHASE;CHASE/SR рулевые тяги;1863;53010-S0X-A02;шт;CHASE
CHASE;Тяга рулевая;SR-6213;;53010-SX0-003;SR-6213 53010-SX0-003 рулевая тяга ODYSSEY 2WD 99-01 CHASE;CHASE/SR рулевые тяги;1864;53010-SX0-003;шт;CHASE
CHASE;Тяга рулевая;SR-6270;;;SR-6270 рулевая тяга CR-V RD-4,RD-5 02- CHASE;CHASE/SR рулевые тяги;2188;53521-S9A-003;шт;CHASE
CHASE;Тяга рулевая;SR-6320;;;SR-6320 рулевая тяга HR-V 98-  CHASE;CHASE/SR рулевые тяги;2189;53010-S2H-J02;шт;CHASE
CHASE;Тяга рулевая;SR-7870;;;SR-7870 рулевая тяга Lancer CS5A.CS5W 00-CSA 03- CHASE;CHASE/SR рулевые тяги;2190;MR491358;шт;CHASE
CHASE;Тяга рулевая;SRT-490;;45503-49105;SRT-490 0122-ACM21 45503-49105 рулевая тяга IPSUM ACM21 Avensis Verso CHASE;CHASE/SR рулевые тяги;2183;;шт;CHASE
CHASE;Тяга рулевая;;;45503-49010;TY-RE04 45503-49010 рулевая тяга  CHASE;CHASE/SR рулевые тяги;LEN00011390;;шт;CHASE
CTR;Рычаг маятниковый;CAM-15;;;CAM-15 рычаг маятниковый CTR;CTR/CA рычаг маятниковый;LEN00001377;77001;шт;CTR
CTR;Рычаг маятниковый;CAN-19;;;CAN-19 рычаг маятниковый CTR;CTR/CA рычаг маятниковый;LEN00000254;77003;шт;CTR
CTR;Рычаг маятниковый;CAT-44;;;CAT-44 рычаг маятниковый CTR;CTR/CA рычаг маятниковый;LEN00001688;77437;шт;CTR
CTR;;CQHO-20L;;;CQHO-20L рычаг  CTR;CTR/CA рычаг маятниковый;LEN00009123;;шт;CTR
CTR;;CQHO-20R;;;CQHO-20R рычаг  CTR;CTR/CA рычаг маятниковый;LEN00009122;;шт;CTR
CTR;;CQHO-25L;;;CQHO-25L рычаг  CTR;CTR/CA рычаг маятниковый;LEN00009347;;шт;CTR
CTR;;CQHO-25R;;;CQHO-25R рычаг  CTR;CTR/CA рычаг маятниковый;LEN00005735;;шт;CTR
CTR;;CQHO-30L;;;CQHO-30L рычаг  CTR;CTR/CA рычаг маятниковый;LEN00009386;;шт;CTR
CTR;;CQHO-30R;;;CQHO-30R рычаг  CTR;CTR/CA рычаг маятниковый;LEN00009385;;шт;CTR
CTR;;CQHO-31R;;;CQHO-31R рычаг  CTR;CTR/CA рычаг маятниковый;LEN00007781;;шт;CTR
CTR;;CQHO-34L;;;CQHO-34L рычаг  CTR;CTR/CA рычаг маятниковый;LEN00012302;;шт;CTR
CTR;;CQKD-1;;;CQKD-1 рычаг  CTR;CTR/CA рычаг маятниковый;LEN00011857;;шт;CTR
CTR;;CQM-19;;;CQM-19 рычаг  CTR;CTR/CA рычаг маятниковый;LEN00012578;;шт;CTR
CTR;;CQM-22L;;;CQM-22L рычаг  CTR;CTR/CA рычаг маятниковый;LEN00009595;;шт;CTR
CTR;;CQM-22R;;;CQM-22R рычаг  CTR;CTR/CA рычаг маятниковый;LEN00007467;;шт;CTR
CTR;;CQN-11L;;;CQN-11L рычаг  CTR;CTR/CA рычаг маятниковый;LEN00009893;;шт;CTR
CTR;;CQN-11R;;;CQN-11R рычаг  CTR;CTR/CA рычаг маятниковый;LEN00009892;;шт;CTR
CTR;;CQN-2L;;;CQN-2L рычаг  CTR;CTR/CA рычаг маятниковый;LEN00010998;;шт;CTR
CTR;;CQN-2R;;;CQN-2R рычаг  CTR;CTR/CA рычаг маятниковый;LEN00010997;;шт;CTR
CTR;;CQN-6L;;;CQN-6L рычаг  CTR;CTR/CA рычаг маятниковый;LEN00007718;;шт;CTR
CTR;;CQN-6R;;;CQN-6R рычаг  CTR;CTR/CA рычаг маятниковый;LEN00006330;;шт;CTR
CTR;;CQSU-1L;;;CQSU-1L рычаг  CTR;CTR/CA рычаг маятниковый;LEN00008043;;шт;CTR
CTR;;CQSU-1R;;;CQSU-1R рычаг  CTR;CTR/CA рычаг маятниковый;LEN00006216;;шт;CTR
CTR;;CQT-7R;;;CQT-7R рычаг  CTR;CTR/CA рычаг маятниковый;LEN00006269;;шт;CTR
CTR;;CQT-9R;;;CQT-9R рычаг  CTR;CTR/CA рычаг маятниковый;LEN00010918;;шт;CTR
CTR;Шаровая опора;CBF-24;;;CBF-24 шаровая опора CTR;CTR/CB шаровая опора;LEN00010650;77227;шт;CTR
CTR;Шаровая опора;CBF-24;;;CBF-24 шаровая опора CTR;CTR/CB шаровая опора;LEN00010651;;шт;CTR
CTR;Шаровая опора;CBHO-13;SB-6202;;CBHO-13 шаровая опора /SB-6202 / CTR;CTR/CB шаровая опора;AMR00001631;77005;шт;CTR
CTR;Шаровая опора;CBHO-14;;;CBHO-14 шаровая опора CTR;CTR/CB шаровая опора;AMR00001763;77591;шт;CTR
CTR;Шаровая опора;CBHO-16;SB-6192;;CBHO-16/18 шаровая опора /SB-6192 SB-6182/ CTR;CTR/CB шаровая опора;149;77007;шт;CTR
CTR;Шаровая опора;CBHO-17;;;CBHO-17 шаровая опора CTR;CTR/CB шаровая опора;LEN00002711;77227;шт;CTR
CTR;Шаровая опора;CBHO-26;;;CBHO-26 шаровая опора CTR;CTR/CB шаровая опора;LEN00001597;77010;шт;CTR
CTR;Шаровая опора;CBHO-27;;;CBHO-27 шаровая опора CTR;CTR/CB шаровая опора;LEN00003388;;шт;CTR
CTR;Шаровая опора;CBHO-28;SB-6191;;CBHO-28 шаровая опора /SB-6191/ CTR;CTR/CB шаровая опора;2087;77637;шт;CTR
CTR;Шаровая опора;CBHO-30;;;CBHO-30 шаровая опора CTR;CTR/CB шаровая опора;LEN00001774;77843;шт;CTR
CTR;Шаровая опора;CBHO-32;;;CBHO-32 шаровая опора CTR;CTR/CB шаровая опора;LEN00000273;77825;шт;CTR
CTR;Шаровая опора;CBHO-33;;;CBHO-33 шаровая опора CTR;CTR/CB шаровая опора;LEN00001347;771177;шт;CTR
CTR;Шаровая опора;CBHO-34;;;CBHO-34 шаровая опора CTR;CTR/CB шаровая опора;AMR00002334;771036;шт;CTR
CTR;Шаровая опора;CBHO-4;;;CBHO-4 шаровая опора CTR;CTR/CB шаровая опора;LEN00001861;77011;шт;CTR
CTR;Шаровая опора;CBHO-44;;;CBHO-44 шаровая опора CTR;CTR/CB шаровая опора;LEN00006850;;шт;CTR
CTR;Шаровая опора;CBHO-46;;;CBHO-46 шаровая опора CTR;CTR/CB шаровая опора;LEN00008949;;шт;CTR
CTR;Шаровая опора;CBHO-49;;;CBHO-49 шаровая опора CTR;CTR/CB шаровая опора;LEN00007521;;шт;CTR
CTR;Шаровая опора;CBHO-6;SB-6182;;CBHO-6 шаровая опора /SB-6182 SB-6192/ CTR;CTR/CB шаровая опора;150;77306;шт;CTR
CTR;Шаровая опора;CBIS-13;;;CBIS-13 шаровая опора  CTR;CTR/CB шаровая опора;LEN00004533;;шт;CTR
CTR;Шаровая опора;CBIS-19;;;CBIS-19 шаровая опора  CTR;CTR/CB шаровая опора;LEN00001285;77778;шт;CTR
CTR;Шаровая опора;CBKH-7;;;CBKH-7 Шаровая опора CTR;CTR/CB шаровая опора;LEN00010866;;шт;CTR
CTR;Шаровая опора;CBKK-5;;;CBKK-5 шаровая опора CTR;CTR/CB шаровая опора;LEN00014104;;шт;CTR
CTR;Шаровая опора;CBKK-6;;;CBKK-6 шаровая опора CTR;CTR/CB шаровая опора;LEN00012950;;шт;CTR
CTR;Шаровая опора;CBM-11;SB-7232;;CBM-11 шаровая опора /SB-7232 / CTR;CTR/CB шаровая опора;AMR00000615;77912;шт;CTR
CTR;Шаровая опора;CBM-13;SB-7761;;CBM-13 шаровая опора /SB-7761/ CTR;CTR/CB шаровая опора;AMR00000361;77017;шт;CTR
CTR;Шаровая опора;CBM-2;;;CBM-2 шаровая опора CTR;CTR/CB шаровая опора;LEN00001216;77324;шт;CTR
CTR;Шаровая опора;CBM-22;SB-7721;;CBM-22 шаровая опора /SB-7721/CTR;CTR/CB шаровая опора;AMR00000358;77021;шт;CTR
CTR;Шаровая опора;CBM-23L;SB-7722L;;CBM-23L шаровая опора /SB-7722L/ CTR;CTR/CB шаровая опора;AMR00000359;77022;шт;CTR
CTR;Шаровая опора;CBM-23R;SB-7722R;;CBM-23R шаровая опора /SB-7722R/ CTR;CTR/CB шаровая опора;AMR00000360;77023;шт;CTR
CTR;Шаровая опора;CBM-24;;;CBM-24 шаровая опора  CTR;CTR/CB шаровая опора;LEN00002119;77024;шт;CTR
CTR;Шаровая опора;CBM-25;;;CBM-25 шаровая опора CTR;CTR/CB шаровая опора;LEN00000193;77025;шт;CTR
CTR;Шаровая опора;CBM-36;SB-7872;;CBM-36 шаровая опора /SB-7872/ CTR;CTR/CB шаровая опора;AMR00000511;771041;шт;CTR
CTR;Шаровая опора;CBM-7;;;CBM-7 шаровая опора  CTR;CTR/CB шаровая опора;LEN00001103;77026;шт;CTR
CTR;Шаровая опора;CBM-8;SB-7153;;CBM-8 шаровая опора /SB-7153 / CTR;CTR/CB шаровая опора;AMR00001932;77027;шт;CTR
CTR;Шаровая опора;CBMZ-13;SB-1411;;CBMZ-13 шаровая опора /SB-1411 / CTR;CTR/CB шаровая опора;AMR00000675;77029;шт;CTR
CTR;Шаровая опора;CBMZ-14;SB-1412;;CBMZ-14 шаровая опора /SB-1412 / CTR;CTR/CB шаровая опора;AMR00000804;77030;шт;CTR
CTR;Шаровая опора;CBMZ-17;;;CBMZ-17 шаровая опора  CTR;CTR/CB шаровая опора;AMR00001553;77031;шт;CTR
CTR;Шаровая опора;CBMZ-20;;;CBMZ-20 шаровая опора  CTR;CTR/CB шаровая опора;AMR00002111;77462;шт;CTR
CTR;Шаровая опора;CBN-11;SB-4391;;CBN-11 шаровая опора  /SB-4391 / CTR;CTR/CB шаровая опора;AMR00000352;77037;шт;CTR
CTR;Шаровая опора;CBN-21;SB-4562;;CBN-21 шаровая опора  /SB-4562 / CTR;CTR/CB шаровая опора;AMR00000353;77038;шт;CTR
CTR;Шаровая опора;CBN-24;SB-4692;;CBN-24 шаровая опора  /SB-4692/ CTR;CTR/CB шаровая опора;AMR00000355;77040;шт;CTR
CTR;Шаровая опора;CBN-29;;;CBN-29 шаровая опора   CTR;CTR/CB шаровая опора;LEN00004485;;шт;CTR
CTR;Шаровая опора;CBN-30;SB-4592;;CBN-30 шаровая опора /SB-4592/ CTR;CTR/CB шаровая опора;151;77307;шт;CTR
CTR;Шаровая опора;CBN-31;SB-4672;;CBN-31 шаровая опора /SB-4672 / CTR;CTR/CB шаровая опора;AMR00000354;77041;шт;CTR
CTR;Шаровая опора;CBN-32;;;CBN-32 шаровая опора CTR;CTR/CB шаровая опора;LEN00003389;;шт;CTR
CTR;Шаровая опора;CBN-36;SB-4742;;CBN-36 шаровая опора /SB-4742 / CTR;CTR/CB шаровая опора;AMR00000356;77044;шт;CTR
CTR;Шаровая опора;CBN-46;SB-4812;;CBN-46 шаровая опора  /SB-4812/ CTR;CTR/CB шаровая опора;2499;77045;шт;CTR
CTR;Шаровая опора;CBN-53;;;CBN-53 шаровая опора CTR;CTR/CB шаровая опора;LEN00003390;;шт;CTR
CTR;Шаровая опора;CBN-54;SB-4872;;CBN-54 шаровая опора /SB-4872 / CTR;CTR/CB шаровая опора;AMR00000357;77046;шт;CTR
CTR;Шаровая опора;CBN-62;;;CBN-62 шаровая опора   CTR;CTR/CB шаровая опора;LEN00010217;;шт;CTR
CTR;Шаровая опора;CBN-63;;;CBN-63 шаровая опора   CTR;CTR/CB шаровая опора;LEN00010218;;шт;CTR
CTR;Шаровая опора;CBN-64;SB-4842;;CBN-64 шаровая опора  /SB-4842 / CTR;CTR/CB шаровая опора;LEN00000095;77327;шт;CTR
CTR;Шаровая опора;CBN-65;SB-4882;;CBN-65 шаровая опора /SB-4882 / CTR;CTR/CB шаровая опора;AMR00000101;77328;шт;CTR
CTR;Шаровая опора;CBN-66;SB-4972;;CBN-66 шаровая опора /SB-4972 / CTR;CTR/CB шаровая опора;AMR00000926;771219;шт;CTR
CTR;Шаровая опора;CBN-68;;;CBN-68 шаровая опора CTR;CTR/CB шаровая опора;LEN00001249;771178;шт;CTR
CTR;Шаровая опора;CBN-70;;;CBN-70 шаровая опора  CTR;CTR/CB шаровая опора;LEN00005947;;шт;CTR
CTR;Шаровая опора;CBN-71;;;CBN-71 шаровая опора  CTR;CTR/CB шаровая опора;LEN00007304;;шт;CTR
CTR;Шаровая опора;CBN-78;;;CBN-78 шаровая опора  CTR;CTR/CB шаровая опора;LEN00007927;;шт;CTR
CTR;Шаровая опора;CBN-81;;;CBN-81 шаровая опора   CTR;CTR/CB шаровая опора;LEN00013611;;шт;CTR
CTR;Шаровая опора;CBN-83;;;CBN-83 шаровая опора   CTR;CTR/CB шаровая опора;LEN00013396;;шт;CTR
CTR;Шаровая опора;CBRE-12;;;CBRE-12 шаровая опора CTR;CTR/CB шаровая опора;LEN00012018;;шт;CTR
CTR;Шаровая опора;CBS-7;;;CBS-7 шаровая опора  CTR;CTR/CB шаровая опора;LEN00003163;77279;шт;CTR
CTR;Шаровая опора;CBSU-3;;;CBSU-3 шаровая опора  CTR;CTR/CB шаровая опора;LEN00001363;77050;шт;CTR
CTR;Шаровая опора;CBT-10;SB-2582;;CBT-10 шаровая опора/SB-2582 /  CTR;CTR/CB шаровая опора;AMR00001350;77051;шт;CTR
CTR;Шаровая опора;CBT-100;;;CBT-100 шаровая опора CTR;CTR/CB шаровая опора;LEN00010661;;шт;CTR
CTR;Шаровая опора;CBT-103;;;CBT-103 шаровая опора CTR;CTR/CB шаровая опора;LEN00014298;;шт;CTR
CTR;Шаровая опора;CBT-12;;;CBT-12 шаровая опора CTR;CTR/CB шаровая опора;2455;77052;шт;CTR
CTR;Шаровая опора;CBT-19;SB-2702;;CBT-19/SB-2702 /шаровая опора CTR;CTR/CB шаровая опора;AMR00001575;77055;шт;CTR
CTR;Шаровая опора;CBT-21;;;CBT-21/37 шаровая опора CTR;CTR/CB шаровая опора;LEN00001602;77056;шт;CTR
CTR;Шаровая опора;CBT-21;;;CBT-21\37 шаровая опора  CTR;CTR/CB шаровая опора;LEN00001346;77058;шт;CTR
CTR;Шаровая опора;CBT-25;SB-2502;;CBT-25 шаровая опора /SB-2502 / CTR;CTR/CB шаровая опора;AMR00000579;77058;шт;CTR
CTR;Шаровая опора;CBT-27;SB-2721;;CBT-27 шаровая опора/SB-2721 /  CTR;CTR/CB шаровая опора;AMR00001315;77059;шт;CTR
CTR;Шаровая опора;CBT-28;SB-3682;;CBT-28 шаровая опора /SB-3682 / CTR;CTR/CB шаровая опора;AMR00000348;77060;шт;CTR
CTR;Шаровая опора;CBT-29;SB-2381;;CBT-29 шаровая опора /SB-2381/ CTR;CTR/CB шаровая опора;153;77061;шт;CTR
CTR;Шаровая опора;CBT-30;SB-2811;;CBT-30 шаровая опора /SB-2811 / SB-2381/CTR;CTR/CB шаровая опора;AMR00001306;77062;шт;CTR
CTR;Шаровая опора;CBT-33;;;CBT-33 шаровая опора CTR;CTR/CB шаровая опора;LEN00000343;77065;шт;CTR
CTR;Шаровая опора;CBT-34;;;CBT-34 шаровая опора CTR;CTR/CB шаровая опора;LEN00003918;;шт;CTR
CTR;Шаровая опора;CBT-38;SB-2942;;CBT-38 /SB-2942/шаровая опора  CTR;CTR/CB шаровая опора;AMR00001413;771007;шт;CTR
CTR;Шаровая опора;CBT-39;SB-2932;;CBT-39 шаровая опора /SB-2932 / CTR;CTR/CB шаровая опора;AMR00000344;77070;шт;CTR
CTR;Шаровая опора;CBT-40;;;CBT-40 шаровая опора CTR;CTR/CB шаровая опора;154;;шт;CTR
CTR;Шаровая опора;CBT-42;SB-2852;;CBT-42 шаровая опора /SB-2852 / CTR;CTR/CB шаровая опора;AMR00001601;77073;шт;CTR
CTR;Шаровая опора;CBT-44L;SB-3512L;;CBT-44L шаровая опора /SB-3512L /CTR;CTR/CB шаровая опора;155;77280;шт;CTR
CTR;Шаровая опора;CBT-44R;SB-3512R;;CBT-44R шаровая опора /SB-3512R /CTR;CTR/CB шаровая опора;156;77281;шт;CTR
CTR;Шаровая опора;CBT-45;SB-3522;;CBT-45/SB-3522/ шаровая опора  CTR;CTR/CB шаровая опора;AMR00001500;77074;шт;CTR
CTR;Шаровая опора;CBT-46;SB-3642;;CBT-46 CB0393 шаровая опора /SB-3642 / CTR;CTR/CB шаровая опора;AMR00000347;77075;шт;CTR
CTR;Шаровая опора;CBT-48;SB-3561;;CBT-48 шаровая опора /SB-3561/ CTR;CTR/CB шаровая опора;AMR00000345;77076;шт;CTR
CTR;Шаровая опора;CBT-49L;;;CBT-49L шаровая опора CTR;CTR/CB шаровая опора;LEN00007631;;шт;CTR
CTR;Шаровая опора;CBT-49R;;;CBT-49R шаровая опора CTR;CTR/CB шаровая опора;LEN00007246;;шт;CTR
CTR;Шаровая опора;CBT-56;SB-3602;;CBT-56 шаровая опора /SB-3602/ CTR;CTR/CB шаровая опора;LEN00004893;;шт;CTR
CTR;Шаровая опора;CBT-57L;SB-3752L;;CBT-57L шаровая опора /SB-3752L / CTR;CTR/CB шаровая опора;AMR00000349;77822;шт;CTR
CTR;Шаровая опора;CBT-57R;SB-3752R;;CBT-57R шаровая опора /SB-3752R / CTR;CTR/CB шаровая опора;AMR00000350;77821;шт;CTR
CTR;Шаровая опора;CBT-60;SB-3962;;CBT-60 шаровая опора /SB-3962/SB-T054/ CTR;CTR/CB шаровая опора;2508;77827;шт;CTR
CTR;Шаровая опора;CBT-61;SB-3702R;;CBT-61 шаровая опора /SB-3702R/ CTR;CTR/CB шаровая опора;AMR00001627;771001;шт;CTR
CTR;Шаровая опора;CBT-62;SB-3702L;;CBT-62 шаровая опора /SB-3702L/ CTR;CTR/CB шаровая опора;AMR00001628;771002;шт;CTR
CTR;Шаровая опора;CBT-65;;;CBT-65 шаровая опора CTR;CTR/CB шаровая опора;LEN00002217;771152;шт;CTR
CTR;Шаровая опора;CBT-66;;;CBT-66 шаровая опора CTR;CTR/CB шаровая опора;LEN00002218;771153;шт;CTR
CTR;Шаровая опора;CBT-67;;;CBT-67 шаровая опора CTR;CTR/CB шаровая опора;LEN00000831;771042;шт;CTR
CTR;Шаровая опора;CBT-69;SB-3984R;;CBT-69 шаровая опора /SB-3984R/ CTR;CTR/CB шаровая опора;AMR00001047;771180;шт;CTR
CTR;Шаровая опора;CBT-70;SB-3984L;;CBT-70 шаровая опора /SB-3984L/ CTR;CTR/CB шаровая опора;AMR00001046;771181;шт;CTR
CTR;Шаровая опора;CBT-73;SB-3772;;CBT-73 шаровая опора /SB-3772/ CTR;CTR/CB шаровая опора;AMR00000351;771296;шт;CTR
CTR;Шаровая опора;CBT-74;;;CBT-74 шаровая опора CTR;CTR/CB шаровая опора;AMR00000896;;шт;CTR
CTR;Шаровая опора;CBT-76;;;CBT-76 шаровая опора  CTR;CTR/CB шаровая опора;LEN00004442;;шт;CTR
CTR;Шаровая опора;CBT-77;;;CBT-77 шаровая опора  CTR;CTR/CB шаровая опора;LEN00014123;;шт;CTR
CTR;Шаровая опора;CBT-82;SB-T172R;;CBT-82 шаровая опора /SB-T172R/ CTR;CTR/CB шаровая опора;LEN00001845;771342;шт;CTR
CTR;Шаровая опора;CBT-83;SB-T172L;;CBT-83 шаровая опора /SB-T172L/ CTR;CTR/CB шаровая опора;LEN00001842;771343;шт;CTR
CTR;Шаровая опора;CBT-84;SB-3831;;CBT-84 шаровая опора /SB-3831/ CTR;CTR/CB шаровая опора;2521;771353;шт;CTR
CTR;Шаровая опора;CBT-85;;;CBT-85 шаровая опора CTR;CTR/CB шаровая опора;LEN00008027;;шт;CTR
CTR;Шаровая опора;CBT-86;;;CBT-86 шаровая опора CTR;CTR/CB шаровая опора;LEN00008028;;шт;CTR
CTR;Шаровая опора;CBT-88;;;CBT-88 шаровая опора  CTR;CTR/CB шаровая опора;LEN00011608;;шт;CTR
CTR;Шаровая опора;CBT-91;;;CBT-91 шаровая опора  CTR;CTR/CB шаровая опора;LEN00012481;;шт;CTR
CTR;Рулевой наконечник;CED-6L;;;CED-6L рулевой наконечник CTR;CTR/CE рулевой наконечник;LEN00009994;;шт;CTR
CTR;Рулевой наконечник;CED-6R;;;CED-6R рулевой наконечник CTR;CTR/CE рулевой наконечник;LEN00009995;;шт;CTR
CTR;Рулевой наконечник;CEHO-11L;;;CEHO-11L рулевой наконечник CTR;CTR/CE рулевой наконечник;LEN00007623;;шт;CTR
CTR;Рулевой наконечник;CEHO-11R;;;CEHO-11R рулевой наконечник CTR;CTR/CE рулевой наконечник;LEN00007624;;шт;CTR
CTR;Рулевой наконечник;CEHO-14;;;CEHO-14 рулевой наконечник CTR;CTR/CE рулевой наконечник;LEN00008018;;шт;CTR
CTR;Рулевой наконечник;CEHO-15L;SE-6311L;;CEHO-15L рулевой наконечник /SE-6311L/ CTR;CTR/CE рулевой наконечник;AMR00001007;;шт;CTR
CTR;Рулевой наконечник;CEHO-15R;SE-6311R;;CEHO-15R рулевой наконечник /SE-6311R/ CTR;CTR/CE рулевой наконечник;AMR00001532;;шт;CTR
CTR;Рулевой наконечник;CEHO-17;;;CEHO-17 рулевой наконечник CTR;CTR/CE рулевой наконечник;AMR00001989;77894;шт;CTR
CTR;Рулевой наконечник;CEHO-18;;;CEHO-18 рулевой наконечник CTR;CTR/CE рулевой наконечник;AMR00000372;77895;шт;CTR
CTR;Рулевой наконечник;CEHO-27;;;CEHO-27 рулевой наконечник CTR;CTR/CE рулевой наконечник;AMR00001724;771210;шт;CTR
CTR;Рулевой наконечник;CEHO-47;;;CEHO-47 рулевой наконечник CTR;CTR/CE рулевой наконечник;LEN00012033;;шт;CTR
CTR;Рулевой наконечник;CEHO-48;;;CEHO-48 рулевой наконечник CTR;CTR/CE рулевой наконечник;LEN00012034;;шт;CTR
CTR;Рулевой наконечник;CEHO-66L;;;CEHO-66L рулевой наконечник CTR;CTR/CE рулевой наконечник;LEN00010344;;шт;CTR
CTR;Рулевой наконечник;CEHO-66R;;;CEHO-66R рулевой наконечник CTR;CTR/CE рулевой наконечник;LEN00010345;;шт;CTR
CTR;Рулевой наконечник;CEHO-6L;;;CEHO-6L рулевой наконечник CTR;CTR/CE рулевой наконечник;AMR00000377;;шт;CTR
CTR;Рулевой наконечник;CEHO-6R;;;CEHO-6R рулевой наконечник CTR;CTR/CE рулевой наконечник;AMR00000378;77086;шт;CTR
CTR;Рулевой наконечник;CEIS-22;;;CEIS-22 рулевой наконечник CTR;CTR/CE рулевой наконечник;LEN00001984;77863;шт;CTR
CTR;Рулевой наконечник;CEKH-40;;;CEKH-40 рулевой наконечник CTR;CTR/CE рулевой наконечник;LEN00009164;;шт;CTR
CTR;Рулевой наконечник;CEKH-47L;;;CEKH-47L рулевой наконечник CTR;CTR/CE рулевой наконечник;LEN00007199;;шт;CTR
CTR;Рулевой наконечник;CEKH-47R;;;CEKH-47R рулевой наконечник CTR;CTR/CE рулевой наконечник;LEN00007200;;шт;CTR
CTR;Рулевой наконечник;CEKH-7;;;CEKH-7 рулевой наконечник CTR;CTR/CE рулевой наконечник;LEN00009030;;шт;CTR
CTR;Рулевой наконечник;CEM-10;;;CEM-10 рулевой наконечник  CTR;CTR/CE рулевой наконечник;AMR00001292;77094;шт;CTR
CTR;Рулевой наконечник;CEM-12;SE-7261;;CEM-12 рулевой наконечник /SE-7261/ CTR;CTR/CE рулевой наконечник;AMR00000373;77600;шт;CTR
CTR;Рулевой наконечник;CEM-14;SE-7301;;CEM-14 рулевой наконечник /SE-7301/ CTR;CTR/CE рулевой наконечник;AMR00000711;77097;шт;CTR
CTR;Рулевой наконечник;CEM-15;SE-7301;;CEM-15 рулевой наконечник /SE-7301/ CTR;CTR/CE рулевой наконечник;LEN00001102;77099;шт;CTR
CTR;Рулевой наконечник;CEM-27;SE-7721;;CEM-27 /SE7721/рулевой наконечник  CTR;CTR/CE рулевой наконечник;AMR00001293;77103;шт;CTR
CTR;Рулевой наконечник;CEM-28;SE-7722;;CEM-28 /SE-7722/рулевой наконечник  CTR;CTR/CE рулевой наконечник;AMR00001468;77104;шт;CTR
CTR;Рулевой наконечник;CEM-51L;;;CEM-51L  рулевой наконечник CTR;CTR/CE рулевой наконечник;LEN00004327;;шт;CTR
CTR;Рулевой наконечник;CEM-51R;;;CEM-51R рулевой наконечник CTR;CTR/CE рулевой наконечник;LEN00004328;;шт;CTR
CTR;Рулевой наконечник;CEM-64;;;CEM-64 рулевой наконечник CTR;CTR/CE рулевой наконечник;LEN00010108;;шт;CTR
CTR;Рулевой наконечник;CEM-9;;;CEM-9 рулевой наконечник  CTR;CTR/CE рулевой наконечник;AMR00001933;77349;шт;CTR
CTR;Рулевой наконечник;CEMZ-10L;SE-1341L;;CEMZ-10L/SE-1341L/ рулевой наконечник CTR;CTR/CE рулевой наконечник;AMR00001690;77105;шт;CTR
CTR;Рулевой наконечник;CEMZ-10R;SE-1341R;;CEMZ-10R/SE-1341R / рулевой наконечник CTR;CTR/CE рулевой наконечник;AMR00001689;77106;шт;CTR
CTR;Рулевой наконечник;CEMZ-32;;;CEMZ-32 рулевой наконечник CTR;CTR/CE рулевой наконечник;LEN00001780;77109;шт;CTR
CTR;Рулевой наконечник;CEMZ-34;SE-1551;;CEMZ-34 рулевой наконечник /SE-1551/ CTR;CTR/CE рулевой наконечник;LEN00000083;77110;шт;CTR
CTR;Рулевой наконечник;CEMZ-35;;;CEMZ-35 рулевой наконечник CTR;CTR/CE рулевой наконечник;LEN00011495;;шт;CTR
CTR;Рулевой наконечник;CEMZ-39;;;CEMZ-39 рулевой наконечник CTR;CTR/CE рулевой наконечник;LEN00002351;771238;шт;CTR
CTR;Рулевой наконечник;CEMZ-40;;;CEMZ-40 рулевой наконечник CTR;CTR/CE рулевой наконечник;AMR00001044;77494;шт;CTR
CTR;Рулевой наконечник;CEMZ-41;;;CEMZ-41 рулевой наконечник CTR;CTR/CE рулевой наконечник;LEN00003946;;шт;CTR
CTR;Рулевой наконечник;CEMZ-42;;;CEMZ-42 рулевой наконечник CTR;CTR/CE рулевой наконечник;LEN00003947;;шт;CTR
CTR;Рулевой наконечник;CEMZ-54;;;CEMZ-54 рулевой наконечник CTR;CTR/CE рулевой наконечник;LEN00001956;3000800;шт;CTR
CTR;Рулевой наконечник;CEMZ-55;;;CEMZ-55  наконечник рулевой тяги CTR;CTR/CE рулевой наконечник;LEN00001957;3047331;шт;CTR
CTR;Рулевой наконечник;CEMZ-59;;;CEMZ-59  наконечник рулевой тяги CTR;CTR/CE рулевой наконечник;LEN00007073;;шт;CTR
CTR;Рулевой наконечник;CEMZ-60;;;CEMZ-60  наконечник рулевой тяги CTR;CTR/CE рулевой наконечник;LEN00007074;;шт;CTR
CTR;Рулевой наконечник;CEN-107;SE-4891L;;CEN-107 рулевой наконечник /SE-4891L/ CTR;CTR/CE рулевой наконечник;2427;771020;шт;CTR
CTR;Рулевой наконечник;CEN-113;;;CEN-113 рулевой наконечник CTR;CTR/CE рулевой наконечник;LEN00001393;771070;шт;CTR
CTR;Рулевой наконечник;CEN-114;;;CEN-114 рулевой наконечник CTR;CTR/CE рулевой наконечник;LEN00001394;771071;шт;CTR
CTR;Рулевой наконечник;CEN-115;;;CEN-115 CE0507 рулевой наконечник CTR;CTR/CE рулевой наконечник;LEN00001368;;шт;CTR
CTR;Рулевой наконечник;CEN-116;;;CEN-116 CE0508 рулевой наконечник CTR;CTR/CE рулевой наконечник;LEN00001369;;шт;CTR
CTR;Рулевой наконечник;CEN-117;;;CEN-117 рулевой наконечник CTR;CTR/CE рулевой наконечник;LEN00002725;771351;шт;CTR
CTR;Рулевой наконечник;CEN-122;;;CEN-122 рулевой наконечник CTR;CTR/CE рулевой наконечник;LEN00004398;;шт;CTR
CTR;Рулевой наконечник;CEN-123;;;CEN-123 рулевой наконечник CTR;CTR/CE рулевой наконечник;LEN00004399;;шт;CTR
CTR;Рулевой наконечник;CEN-126;;;CEN-126 рулевой наконечник CTR;CTR/CE рулевой наконечник;LEN00003173;3000804;шт;CTR
CTR;Рулевой наконечник;CEN-127;;;CEN-127 рулевой наконечник CTR;CTR/CE рулевой наконечник;LEN00003161;3000805;шт;CTR
CTR;Рулевой наконечник;CEN-30;;;CEN-30 рулевой наконечник  CTR;CTR/CE рулевой наконечник;LEN00003334;;шт;CTR
CTR;Рулевой наконечник;CEN-40;;;CEN-40 рулевой наконечник  CTR;CTR/CE рулевой наконечник;LEN00002203;77354;шт;CTR
CTR;Рулевой наконечник;CEN-42;SE-4681;;CEN-42/SE-4681/ рулевой наконечник  CTR;CTR/CE рулевой наконечник;AMR00001304;77114;шт;CTR
CTR;Рулевой наконечник;CEN-43;SE-4682;;CEN-43 /SE-4682/рулевой наконечник  CTR;CTR/CE рулевой наконечник;AMR00001305;77115;шт;CTR
CTR;Рулевой наконечник;CEN-47;SE-4581;;CEN-47 рулевой наконечник /SE-4581/ CTR;CTR/CE рулевой наконечник;AMR00000374;77120;шт;CTR
CTR;Рулевой наконечник;CEN-48;;;CEN-48 рулевой наконечник  CTR;CTR/CE рулевой наконечник;LEN00003335;;шт;CTR
CTR;Рулевой наконечник;CEN-55L;;;CEN-55L рулевой наконечник  CTR;CTR/CE рулевой наконечник;LEN00010296;;шт;CTR
CTR;Рулевой наконечник;CEN-55R;;;CEN-55R рулевой наконечник  CTR;CTR/CE рулевой наконечник;LEN00010297;;шт;CTR
CTR;Рулевой наконечник;CEN-66;;;CEN-66 рулевой наконечник  CTR;CTR/CE рулевой наконечник;LEN00003804;;шт;CTR
CTR;Рулевой наконечник;CEN-70;;;CEN-70 рулевой наконечник CTR;CTR/CE рулевой наконечник;LEN00001613;77127;шт;CTR
CTR;Рулевой наконечник;CEN-72;;;CEN-72 рулевой наконечник  CTR;CTR/CE рулевой наконечник;LEN00009949;;шт;CTR
CTR;Рулевой наконечник;CEN-73;;;CEN-73 рулевой наконечник  CTR;CTR/CE рулевой наконечник;LEN00000496;77603;шт;CTR
CTR;Рулевой наконечник;CEN-75;SE-4731;;CEN-75 /SE-4731/рулевой наконечник  CTR;CTR/CE рулевой наконечник;AMR00001114;77129;шт;CTR
CTR;Рулевой наконечник;CEN-78;;;CEN-78 рулевой наконечник  CTR;CTR/CE рулевой наконечник;AMR00002155;77131;шт;CTR
CTR;Рулевой наконечник;CEN-79;SE-4811;;CEN-79 рулевой наконечник /SE-4811/ CTR;CTR/CE рулевой наконечник;AMR00000375;77132;шт;CTR
CTR;Рулевой наконечник;CEN-80;SE-4871;;CEN-80 рулевой наконечник /SE-4871/ CTR;CTR/CE рулевой наконечник;AMR00000376;77133;шт;CTR
CTR;Рулевой наконечник;CEN-81;SE-4751;;CEN-81 рулевой наконечник /SE-4751/CTR;CTR/CE рулевой наконечник;1567;77134;шт;CTR
CTR;Рулевой наконечник;CEN-82;SE-4752;;CEN-82 рулевой наконечник /SE-4752/ CTR;CTR/CE рулевой наконечник;AMR00000371;77135;шт;CTR
CTR;Рулевой наконечник;CEN-98;SE-4831;;CEN-98 рулевой наконечник /SE-4831/ CTR;CTR/CE рулевой наконечник;157;77604;шт;CTR
CTR;Рулевой наконечник;CES-14;;;CES-14 рулевой наконечник CTR;CTR/CE рулевой наконечник;LEN00007210;;шт;CTR
CTR;Рулевой наконечник;CES-17;;;CES-17 рулевой наконечник CTR;CTR/CE рулевой наконечник;LEN00005334;;шт;CTR
CTR;Рулевой наконечник;CES-22;;;CES-22 рулевой наконечник CTR;CTR/CE рулевой наконечник;LEN00006386;;шт;CTR
CTR;Рулевой наконечник;CES-5;;;CES-5 рулевой наконечник CTR;CTR/CE рулевой наконечник;LEN00002446;77966;шт;CTR
CTR;Рулевой наконечник;CES-6L;;;CES-6L рулевой наконечник CTR;CTR/CE рулевой наконечник;LEN00014587;;шт;CTR
CTR;Рулевой наконечник;CET-103;SE-3561R;;CET-103 рулевой наконечник /SE-3561R/ CTR;CTR/CE рулевой наконечник;AMR00000596;;шт;CTR
CTR;Рулевой наконечник;CET-104;SE-3561L;;CET-104 рулевой наконечник /SE-3561L/ CTR;CTR/CE рулевой наконечник;AMR00000366;77147;шт;CTR
CTR;Рулевой наконечник;CET-112L;;;CET-112L рулевой наконечник CTR;CTR/CE рулевой наконечник;AMR00001850;;шт;CTR
CTR;Рулевой наконечник;CET-112R;;;CET-112R рулевой наконечник CTR;CTR/CE рулевой наконечник;AMR00001851;;шт;CTR
CTR;Рулевой наконечник;CET-113L;;;CET-113L рулевой наконечник CTR;CTR/CE рулевой наконечник;AMR00001595;77362;шт;CTR
CTR;Рулевой наконечник;CET-113R;;;CET-113R рулевой наконечник CTR;CTR/CE рулевой наконечник;AMR00001596;77363;шт;CTR
CTR;Рулевой наконечник;CET-114;SE-3681;;CET-114 рулевой наконечник /SE-3681/ CTR;CTR/CE рулевой наконечник;AMR00000370;77364;шт;CTR
CTR;Рулевой наконечник;CET-115L;SE-3641L;;CET-115L рулевой наконечник /SE-3641L/ CTR;CTR/CE рулевой наконечник;AMR00000367;77365;шт;CTR
CTR;Рулевой наконечник;CET-115R;SE-3641R;;CET-115R рулевой наконечник /SE-3641R/ CTR;CTR/CE рулевой наконечник;LEN00000097;77366;шт;CTR
CTR;Рулевой наконечник;CET-116L;SE-3921L;;CET-116L рулевой наконечник /SE-3921L / CTR;CTR/CE рулевой наконечник;AMR00001696;77609;шт;CTR
CTR;Рулевой наконечник;CET-116R;SE-3921R;;CET-116Rрулевой наконечник /SE-3921R/ CTR;CTR/CE рулевой наконечник;AMR00001697;77367;шт;CTR
CTR;Рулевой наконечник;CET-117L;;;CET-117L рулевой наконечник CTR;CTR/CE рулевой наконечник;AMR00001594;77506;шт;CTR
CTR;Рулевой наконечник;CET-117R;;;CET-117R рулевой наконечник CTR;CTR/CE рулевой наконечник;AMR00001593;77368;шт;CTR
CTR;Рулевой наконечник;CET-118;;;CET-118  рулевой наконечник  CTR;CTR/CE рулевой наконечник;LEN00001120;77808;шт;CTR
CTR;Рулевой наконечник;CET-121;;;CET-121 рулевой наконечник CTR;CTR/CE рулевой наконечник;LEN00001696;77625;шт;CTR
CTR;Рулевой наконечник;CET-122;;;CET-122 рулевой наконечник CTR;CTR/CE рулевой наконечник;LEN00001697;77845;шт;CTR
CTR;Рулевой наконечник;CET-123;;;CET-123  рулевой наконечник  CTR;CTR/CE рулевой наконечник;LEN00000821;77815;шт;CTR
CTR;Рулевой наконечник;CET-125;SE-3701;;CET-125 рулевой наконечник /SE-3701 / CTR;CTR/CE рулевой наконечник;AMR00001699;77979;шт;CTR
CTR;Рулевой наконечник;CET-126L;;;CET-126L рулевой наконечник  CTR;CTR/CE рулевой наконечник;AMR00001786;77985;шт;CTR
CTR;Рулевой наконечник;CET-126R;;;CET-126R рулевой наконечник  CTR;CTR/CE рулевой наконечник;AMR00001785;77877;шт;CTR
CTR;Рулевой наконечник;CET-127R;;;CET-127R рулевой наконечник  CTR;CTR/CE рулевой наконечник;LEN00006380;;шт;CTR
CTR;Рулевой наконечник;CET-133L;SE-3741L;;CET-133L рулевой наконечник /SE-3741L/ CTR;CTR/CE рулевой наконечник;AMR00000236;77872;шт;CTR
CTR;Рулевой наконечник;CET-133R;SE-3741R;;CET-133R рулевой наконечник /SE-3741R/ CTR;CTR/CE рулевой наконечник;AMR00000237;77871;шт;CTR
CTR;Рулевой наконечник;CET-135;;;CET-135 рулевой наконечник CTR;CTR/CE рулевой наконечник;LEN00009941;77871;шт;CTR
CTR;Рулевой наконечник;CET-136;;;CET-136 рулевой наконечник CTR;CTR/CE рулевой наконечник;LEN00009951;77871;шт;CTR
CTR;Рулевой наконечник;CET-140;;;CET-140 рулевой наконечник CTR;CTR/CE рулевой наконечник;LEN00004098;;шт;CTR
CTR;Рулевой наконечник;CET-141;;;CET-141 рулевой наконечник CTR;CTR/CE рулевой наконечник;LEN00004569;;шт;CTR
CTR;Рулевой наконечник;CET-142;;;CET-142 рулевой наконечник CTR;CTR/CE рулевой наконечник;LEN00005938;;шт;CTR
CTR;Рулевой наконечник;CET-143;;;CET-143 рулевой наконечник CTR;CTR/CE рулевой наконечник;LEN00005939;;шт;CTR
CTR;Рулевой наконечник;CET-148;;;CET-148 рулевой наконечник CTR;CTR/CE рулевой наконечник;LEN00013134;;шт;CTR
CTR;Рулевой наконечник;CET-150;;;CET-150 рулевой наконечник  CTR;CTR/CE рулевой наконечник;LEN00007187;;шт;CTR
CTR;Рулевой наконечник;CET-151;SE-3981R;;CET-151 рулевой наконечник /SE-3981R/ CTR;CTR/CE рулевой наконечник;AMR00000368;771075;шт;CTR
CTR;Рулевой наконечник;CET-152;SE-3981L;;CET-152 рулевой наконечник /SE-3981L/ CTR;CTR/CE рулевой наконечник;AMR00000369;771158;шт;CTR
CTR;Рулевой наконечник;CET-155;;;CET-155 рулевой наконечник  CTR;CTR/CE рулевой наконечник;LEN00005058;;шт;CTR
CTR;Рулевой наконечник;CET-160;;;CET-160  рулевой наконечник CTR;CTR/CE рулевой наконечник;LEN00002289;771078;шт;CTR
CTR;Рулевой наконечник;CET-161;;;CET-161  рулевой наконечник CTR;CTR/CE рулевой наконечник;LEN00002290;771159;шт;CTR
CTR;Рулевой наконечник;CET-166;;;CET-166  рулевой наконечник CTR;CTR/CE рулевой наконечник;LEN00003337;;шт;CTR
CTR;Рулевой наконечник;CET-167;;;CET-167  рулевой наконечник CTR;CTR/CE рулевой наконечник;LEN00003338;;шт;CTR
CTR;Рулевой наконечник;CET-176;;;CET-176  рулевой наконечник CTR;CTR/CE рулевой наконечник;LEN00002094;3000656;шт;CTR
CTR;Рулевой наконечник;CET-177;;;CET-177  рулевой наконечник CTR;CTR/CE рулевой наконечник;LEN00002095;3000657;шт;CTR
CTR;Рулевой наконечник;CET-192;;;CET-192  рулевой наконечник CTR;CTR/CE рулевой наконечник;LEN00011215;;шт;CTR
CTR;Рулевой наконечник;CET-193;;;CET-193 рулевой наконечник CTR;CTR/CE рулевой наконечник;LEN00011214;;шт;CTR
CTR;Рулевой наконечник;CET-26;SE-2471;;CET-26 /SE-2471 /рулевой наконечник CTR;CTR/CE рулевой наконечник;AMR00001362;77149;шт;CTR
CTR;Рулевой наконечник;CET-32;;;CET-32 рулевой наконечник CTR;CTR/CE рулевой наконечник;LEN00002708;77816;шт;CTR
CTR;Рулевой наконечник;CET-3L;SE-2361L;;CET-3L /SE-2361L /рулевой наконечник CTR;CTR/CE рулевой наконечник;AMR00001449;77373;шт;CTR
CTR;Рулевой наконечник;CET-3R;SE-2361R;;CET-3R/SE-2361R / рулевой наконечник CTR;CTR/CE рулевой наконечник;AMR00001450;77374;шт;CTR
CTR;Рулевой наконечник;CET-59;SE-2651;;CET-59 рулевой наконечник /SE-2651/ CTR;CTR/CE рулевой наконечник;158;;шт;CTR
CTR;Рулевой наконечник;CET-63L;;;CET-63L рулевой наконечник  CTR;CTR/CE рулевой наконечник;LEN00003339;;шт;CTR
CTR;Рулевой наконечник;CET-63R;;;CET-63R рулевой наконечник  CTR;CTR/CE рулевой наконечник;LEN00003340;;шт;CTR
CTR;Рулевой наконечник;CET-65;SE-2671;;CET-65 рулевой наконечник /SE-2671/ CTR;CTR/CE рулевой наконечник;AMR00001010;77158;шт;CTR
CTR;Рулевой наконечник;CET-68;SE-2811;;CET-68/SE-2811 /рулевой наконечник  CTR;CTR/CE рулевой наконечник;AMR00001737;77161;шт;CTR
CTR;Рулевой наконечник;CET-69;SE-2812;;CET-69 /SE-2812/рулевой наконечник  CTR;CTR/CE рулевой наконечник;AMR00001527;77162;шт;CTR
CTR;Рулевой наконечник;CET-70;SE-2871;;CET-70 рулевой наконечник /SE-2871/ CTR;CTR/CE рулевой наконечник;AMR00000462;77463;шт;CTR
CTR;Рулевой наконечник;CET-75;SE-2852;;CET-75/SE-2852/ рулевой наконечник  CTR;CTR/CE рулевой наконечник;AMR00001361;77289;шт;CTR
CTR;Рулевой наконечник;CET-77;SE-2953R;;CET-77 рулевой наконечник /SE-2953R/ CTR;CTR/CE рулевой наконечник;LEN00000096;77168;шт;CTR
CTR;Рулевой наконечник;CET-78;SE-2954;;CET-78 рулевой наконечник /SE-2954/ CTR;CTR/CE рулевой наконечник;AMR00000365;77469;шт;CTR
CTR;Рулевой наконечник;CET-79;;;CET-79 рулевой наконечник CTR;CTR/CE рулевой наконечник;LEN00005520;;шт;CTR
CTR;Рулевой наконечник;CET-83;SE-2931;;CET-83 рулевой наконечник /SE-2931/ CTR;CTR/CE рулевой наконечник;AMR00000362;77172;шт;CTR
CTR;Рулевой наконечник;CET-84;SE-2941;;CET-84 рулевой наконечник /SE-2941/ CTR;CTR/CE рулевой наконечник;AMR00000769;77173;шт;CTR
CTR;Рулевой наконечник;CET-86;;;CET-86 рулевой наконечник  CTR;CTR/CE рулевой наконечник;LEN00001382;77174;шт;CTR
CTR;Рулевой наконечник;CET-87;;;CET-87 рулевой наконечник  CTR;CTR/CE рулевой наконечник;LEN00001383;77175;шт;CTR
CTR;Рулевой наконечник;CET-88;SE-2821R;;CET-88 /SE-2821R/рулевой наконечник  CTR;CTR/CE рулевой наконечник;AMR00001470;77176;шт;CTR
CTR;Рулевой наконечник;CET-89;SE-2821L;;CET-89 /SE-2821L/рулевой наконечник  CTR;CTR/CE рулевой наконечник;AMR00001670;;шт;CTR
CTR;Рулевой наконечник;CET-90;SE-2991R;;CET-90 рулевой наконечник /SE-2991R/ CTR;CTR/CE рулевой наконечник;159;;шт;CTR
CTR;Рулевой наконечник;CET-91;SE-2991L;;CET-91 рулевой наконечник /SE-2991L/ CTR;CTR/CE рулевой наконечник;160;77179;шт;CTR
CTR;Рулевой наконечник;CET-92;SE-3511;;CET-92 рулевой наконечник /SE-3511/ CTR;CTR/CE рулевой наконечник;161;77180;шт;CTR
CTR;Рулевой наконечник;CET-93;SE-2921;;CET-93 рулевой наконечник /SE-2921/ CTR;CTR/CE рулевой наконечник;2141;77181;шт;CTR
CTR;Рулевой наконечник;CET-94;SE-3521R;;CET-94 /SE-3521R/рулевой наконечник CTR;CTR/CE рулевой наконечник;AMR00001498;77182;шт;CTR
CTR;Рулевой наконечник;CET-95;SE-3521L;;CET-95 /SE-3521L/рулевой наконечник CTR;CTR/CE рулевой наконечник;AMR00001499;77183;шт;CTR
CTR;Рулевой наконечник;CET-98;SE-3601L;;CET-98 рулевой наконечник /SE-3601L/ CTR;CTR/CE рулевой наконечник;AMR00000364;77185;шт;CTR
CTR;Рулевой наконечник;CET-99;SE-3601R;;CET-99 рулевой наконечник /SE-3601R/ CTR;CTR/CE рулевой наконечник;AMR00000363;77186;шт;CTR
CTR;Стойка стабилизатора;CLHO-10;SL-6270R;;CLHO-10 /SL-6270R/стойка стабилизатора  CTR;CTR/CL стойка стабилизатора;AMR00001089;77188;шт;CTR
CTR;Стойка стабилизатора;CLHO-11;SL-6270L;;CLHO-11/SL-6270L/ стойка стабилизатора  CTR;CTR/CL стойка стабилизатора;AMR00001090;77189;шт;CTR
CTR;Стойка стабилизатора;CLHO-12;SL-6225R;;CLHO-12 стойка стабилизатора /SL-6225R/ CTR;CTR/CL стойка стабилизатора;AMR00001685;77290;шт;CTR
CTR;Стойка стабилизатора;CLHO-13;SL-6225L;;CLHO-13 стойка стабилизатора /SL-6225L/ CTR;CTR/CL стойка стабилизатора;162;77291;шт;CTR
CTR;Стойка стабилизатора;CLHO-14;;;CLHO-14 стойка стабилизатора  CTR;CTR/CL стойка стабилизатора;AMR00001980;77293;шт;CTR
CTR;Стойка стабилизатора;CLHO-15;;;CLHO-15 стойка стабилизатора  CTR;CTR/CL стойка стабилизатора;LEN00003355;;шт;CTR
CTR;Стойка стабилизатора;CLHO-16;SL-6335R;;CLHO-16 стойка стабилизатора /SL-6335R/ CTR;CTR/CL стойка стабилизатора;AMR00001819;77376;шт;CTR
CTR;Стойка стабилизатора;CLHO-17;SL-6335L;;CLHO-17 стойка стабилизатора /SL-6335L/ CTR;CTR/CL стойка стабилизатора;AMR00001820;77377;шт;CTR
CTR;Стойка стабилизатора;CLHO-18;;;CLHO-18 стойка стабилизатора  CTR;CTR/CL стойка стабилизатора;LEN00000274;77378;шт;CTR
CTR;Стойка стабилизатора;CLHO-19;;;CLHO-19 стойка стабилизатора  CTR;CTR/CL стойка стабилизатора;LEN00000275;77379;шт;CTR
CTR;Стойка стабилизатора;CLHO-2;;;CLHO-2/CLM-32 стойка стабилизатора CTR;CTR/CL стойка стабилизатора;163;;шт;CTR
CTR;Стойка стабилизатора;CLHO-20;;;CLHO-20 стойка стабилизатора CTR;CTR/CL стойка стабилизатора;LEN00001689;77380;шт;CTR
CTR;Стойка стабилизатора;CLHO-21;SL-6320R;;CLHO-21 стойка стабилизатора /SL-6320R/ CTR;CTR/CL стойка стабилизатора;AMR00000778;77381;шт;CTR
CTR;Стойка стабилизатора;CLHO-22;SL-6320L;;CLHO-22 стойка стабилизатора /SL-6320L/ CTR;CTR/CL стойка стабилизатора;AMR00000779;77382;шт;CTR
CTR;Стойка стабилизатора;CLHO-25;;;CLHO-25 стойка стабилизатора CTR;CTR/CL стойка стабилизатора;LEN00002719;77899;шт;CTR
CTR;Стойка стабилизатора;CLHO-26;;;CLHO-26 стойка стабилизатора CTR;CTR/CL стойка стабилизатора;LEN00002721;77900;шт;CTR
CTR;Стойка стабилизатора;CLHO-28;SL-6310L;;CLHO-28 стойка стабилизатора /SL-6310L / CTR;CTR/CL стойка стабилизатора;AMR00001795;771160;шт;CTR
CTR;Стойка стабилизатора;CLHO-29;SL-6311R;;CLHO-29 стойка стабилизатора /SL-6311R / CTR;CTR/CL стойка стабилизатора;AMR00001736;771085;шт;CTR
CTR;Стойка стабилизатора;CLHO-30;SL-6311L;;CLHO-30 стойка стабилизатора /SL-6311L/ CTR;CTR/CL стойка стабилизатора;LEN00000132;771086;шт;CTR
CTR;Стойка стабилизатора;CLHO-43;SL-6325R;;CLHO-43 стойка стабилизатора /SL-6325R/ CTR;CTR/CL стойка стабилизатора;AMR00000780;771188;шт;CTR
CTR;Стойка стабилизатора;CLHO-44;SL-6325L;;CLHO-44 стойка стабилизатора /SL-6325L/ CTR;CTR/CL стойка стабилизатора;AMR00000781;771189;шт;CTR
CTR;Стойка стабилизатора;CLHO-53;;;CLHO-53 стойка стабилизатора CTR;CTR/CL стойка стабилизатора;LEN00006263;;шт;CTR
CTR;Стойка стабилизатора;CLHO-58;;;CLHO-58 стойка стабилизатора CTR;CTR/CL стойка стабилизатора;LEN00000957;;шт;CTR
CTR;Стойка стабилизатора;CLHO-59;;;CLHO-59 стойка стабилизатора CTR (без разворота);CTR/CL стойка стабилизатора;LEN00000958;771356;шт;CTR
CTR;Стойка стабилизатора;CLHO-6;SL-6280R;;CLHO-6 /SL-6280R/стойка стабилизатора  CTR;CTR/CL стойка стабилизатора;AMR00001074;77191;шт;CTR
CTR;Стойка стабилизатора;CLHO-60;SL-H060R;;CLHO-60 стойка стабилизатора/SL-H060R/ CTR;CTR/CL стойка стабилизатора;AMR00001421;771311;шт;CTR
CTR;Стойка стабилизатора;CLHO-61;SL-H060L;;CLHO-61 стойка стабилизатора/SL-H060L / CTR;CTR/CL стойка стабилизатора;AMR00001422;771312;шт;CTR
CTR;Стойка стабилизатора;CLHO-63;;;CLHO-63 стойка стабилизатора CTR;CTR/CL стойка стабилизатора;LEN00006262;;шт;CTR
CTR;Стойка стабилизатора;CLHO-64;;;CLHO-64 стойка стабилизатора CTR;CTR/CL стойка стабилизатора;LEN00005394;;шт;CTR
CTR;Стойка стабилизатора;CLHO-7;SL-6280L;;CLHO-7 /SL-6280L/стойка стабилизатора  CTR;CTR/CL стойка стабилизатора;AMR00001075;77192;шт;CTR
CTR;Стойка стабилизатора;CLHO-70;;;CLHO-70 стойка стабилизатора  CTR;CTR/CL стойка стабилизатора;LEN00003942;;шт;CTR
CTR;Стойка стабилизатора;CLHO-72;;;CLHO-72  стойка стабилизатора  (с тонким пальцем, с разворотом) CTR;CTR/CL стойка стабилизатора;LEN00006722;;шт;CTR
CTR;Стойка стабилизатора;CLHO-73;;;CLHO-73  стойка стабилизатора (с тонким пальцем, с разворотом) CTR;CTR/CL стойка стабилизатора;LEN00001596;;шт;CTR
CTR;Стойка стабилизатора;CLHO-74;;;CLHO-74 стойка стабилизатора  CTR;CTR/CL стойка стабилизатора;LEN00009368;;шт;CTR
CTR;Стойка стабилизатора;CLHO-8;;;CLHO-8 стойка стабилизатора  CTR;CTR/CL стойка стабилизатора;LEN00001217;77193;шт;CTR
CTR;Стойка стабилизатора;CLHO-87L;;;CLHO-87L стойка стабилизатора  CTR;CTR/CL стойка стабилизатора;LEN00011832;;шт;CTR
CTR;Стойка стабилизатора;CLHO-87R;;;CLHO-87R стойка стабилизатора  CTR;CTR/CL стойка стабилизатора;LEN00011831;;шт;CTR
CTR;Стойка стабилизатора;CLHO-9;;;CLHO-9 стойка стабилизатора  CTR;CTR/CL стойка стабилизатора;LEN00001218;77194;шт;CTR
CTR;Стойка стабилизатора;CLHO-90L;;;CLHO-90L стойка стабилизатора  CTR;CTR/CL стойка стабилизатора;LEN00014895;;шт;CTR
CTR;Стойка стабилизатора;CLHO-90R;;;CLHO-90R стойка стабилизатора  CTR;CTR/CL стойка стабилизатора;LEN00014896;;шт;CTR
CTR;Стойка стабилизатора;CLHO-91L;;;CLHO-91L стойка стабилизатора CTR;CTR/CL стойка стабилизатора;LEN00011829;;шт;CTR
CTR;Стойка стабилизатора;CLHO-91R;;;CLHO-91R стойка стабилизатора  CTR;CTR/CL стойка стабилизатора;LEN00011830;;шт;CTR
CTR;Стойка стабилизатора;CLHO-97L;;;CLHO-97L стойка стабилизатора  CTR;CTR/CL стойка стабилизатора;LEN00011767;77194;шт;CTR
CTR;Стойка стабилизатора;CLHO-97R;;;CLHO-97R стойка стабилизатора  CTR;CTR/CL стойка стабилизатора;LEN00011766;77194;шт;CTR
CTR;Стойка стабилизатора;CLKD-19;;;CLKD-19 стойка стабилизатора  CTR;CTR/CL стойка стабилизатора;LEN00009296;;шт;CTR
CTR;Стойка стабилизатора;CLKD-8;;;CLKD-8 стойка стабилизатора  CTR;CTR/CL стойка стабилизатора;LEN00009542;;шт;CTR
CTR;Стойка стабилизатора;CLKH-23;;;CLKH-23 стойка стабилизатора  CTR;CTR/CL стойка стабилизатора;LEN00006900;;шт;CTR
CTR;Стойка стабилизатора;CLKH-5;;;CLKH-5/CLKK-20 стойка стабилизатора  CTR;CTR/CL стойка стабилизатора;LEN00010927;;шт;CTR
CTR;Стойка стабилизатора;CLM-1;;;CLM-1 стойка стабилизатора CTR;CTR/CL стойка стабилизатора;AMR00001308;77195;шт;CTR
CTR;Стойка стабилизатора;CLM-11;;;CLM-11 стойка стабилизатора CTR;CTR/CL стойка стабилизатора;LEN00004323;;шт;CTR
CTR;Стойка стабилизатора;CLM-12;;;CLM-12 стойка стабилизатора CTR;CTR/CL стойка стабилизатора;LEN00004324;;шт;CTR
CTR;Стойка стабилизатора;CLM-13;;;CLM-13 стойка стабилизатора CTR;CTR/CL стойка стабилизатора;LEN00004325;;шт;CTR
CTR;Стойка стабилизатора;CLM-14;;;CLM-14 стойка стабилизатора CTR;CTR/CL стойка стабилизатора;LEN00004326;;шт;CTR
CTR;Стойка стабилизатора;CLM-17;;;CLM-17 стойка стабилизатора CTR;CTR/CL стойка стабилизатора;LEN00001111;77937;шт;CTR
CTR;Стойка стабилизатора;CLM-18;;;CLM-18 стойка стабилизатора CTR;CTR/CL стойка стабилизатора;LEN00002380;3000604;шт;CTR
CTR;Стойка стабилизатора;CLM-19;;;CLM-19 стойка стабилизатора CTR;CTR/CL стойка стабилизатора;LEN00001101;771239;шт;CTR
CTR;Стойка стабилизатора;CLM-24;;;CLM-24 стойка стабилизатора CTR;CTR/CL стойка стабилизатора;LEN00007690;77195;шт;CTR
CTR;Стойка стабилизатора;CLM-25;;;CLM-25 стойка стабилизатора CTR;CTR/CL стойка стабилизатора;LEN00007689;77195;шт;CTR
CTR;Стойка стабилизатора;CLM-28;;;CLM-28 стойка стабилизатора CTR;CTR/CL стойка стабилизатора;LEN00010109;77195;шт;CTR
CTR;Стойка стабилизатора;CLM-33;;;CLM-33 стойка стабилизатора CTR;CTR/CL стойка стабилизатора;LEN00012691;;шт;CTR
CTR;Стойка стабилизатора;CLM-34;;;CLM-34 стойка стабилизатора CTR;CTR/CL стойка стабилизатора;LEN00012690;;шт;CTR
CTR;Стойка стабилизатора;CLM-37;;;CLM-37 стойка стабилизатора CTR;CTR/CL стойка стабилизатора;LEN00010396;;шт;CTR
CTR;Стойка стабилизатора;CLM-4;SL-7390;;CLM-4 стойка стабилизатора /SL-7390/ CTR;CTR/CL стойка стабилизатора;AMR00000386;77194;шт;CTR
CTR;Стойка стабилизатора;CLMZ-12;;;CLMZ-12 стойка стабилизатора CTR;CTR/CL стойка стабилизатора;LEN00006175;;шт;CTR
CTR;Стойка стабилизатора;CLMZ-19;;;CLMZ-19 стойка стабилизатора CTR;CTR/CL стойка стабилизатора;LEN00002291;771205;шт;CTR
CTR;Стойка стабилизатора;CLMZ-20;SL-1660;;CLMZ-20 стойка стабилизатора /SL-1660/ CTR;CTR/CL стойка стабилизатора;AMR00001033;771101;шт;CTR
CTR;Стойка стабилизатора;CLMZ-33;;;CLMZ-33 стойка стабилизатора CTR;CTR/CL стойка стабилизатора;LEN00006721;;шт;CTR
CTR;Стойка стабилизатора;CLMZ-39;;;CLMZ-39  стойка стабилизатора CTR;CTR/CL стойка стабилизатора;LEN00006163;;шт;CTR
CTR;Стойка стабилизатора;CLMZ-4;;;CLMZ-4 стойка стабилизатора CTR;CTR/CL стойка стабилизатора;2419;77534;шт;CTR
CTR;Стойка стабилизатора;CLN-1;SL-4740;;CLN-1 стойка стабилизатора /SL-4740/ CTR;CTR/CL стойка стабилизатора;2402;77201;шт;CTR
CTR;Стойка стабилизатора;CLN-10;;;CLN-10 стойка стабилизатора CTR;CTR/CL стойка стабилизатора;LEN00001391;77537;шт;CTR
CTR;Стойка стабилизатора;CLN-11;;;CLN-11 стойка стабилизатора CTR;CTR/CL стойка стабилизатора;LEN00001392;77538;шт;CTR
CTR;Стойка стабилизатора;CLN-15;SL-4870;;CLN-15 стойка стабилизатора /SL-4870/ CTR;CTR/CL стойка стабилизатора;AMR00000898;77540;шт;CTR
CTR;Стойка стабилизатора;CLN-16;SL-4840;;CLN-16 стойка стабилизатора /SL-4840/ CTR;CTR/CL стойка стабилизатора;AMR00001765;77613;шт;CTR
CTR;Стойка стабилизатора;CLN-17;SL-4845;;CLN-17/SL-4845/стойка стабилизатора CTR;CTR/CL стойка стабилизатора;AMR00001286;77834;шт;CTR
CTR;Стойка стабилизатора;CLN-2;;;CLN-2 стойка стабилизатора CTR;CTR/CL стойка стабилизатора;2033;;шт;CTR
CTR;Стойка стабилизатора;CLN-22;SL-4910R;;CLN-22 стойка стабилизатора /SL-4910R/ CTR;CTR/CL стойка стабилизатора;2029;77939;шт;CTR
CTR;Стойка стабилизатора;CLN-23;SL-4910L;;CLN-23 стойка стабилизатора /SL-4910L/ CTR;CTR/CL стойка стабилизатора;2028;77981;шт;CTR
CTR;Стойка стабилизатора;CLN-29;;;CLN-29 стойка стабилизатора  CTR;CTR/CL стойка стабилизатора;AMR00001533;771104;шт;CTR
CTR;Стойка стабилизатора;CLN-3;;;CLN-3 стойка стабилизатора CTR;CTR/CL стойка стабилизатора;AMR00001632;77203;шт;CTR
CTR;Стойка стабилизатора;CLN-30;;;CLN-30 стойка стабилизатора CTR;CTR/CL стойка стабилизатора;LEN00012841;;шт;CTR
CTR;Стойка стабилизатора;CLN-35;;;CLN-35 стойка стабилизатора  CTR;CTR/CL стойка стабилизатора;LEN00005109;;шт;CTR
CTR;Стойка стабилизатора;CLN-36;;;CLN-36 стойка стабилизатора  CTR;CTR/CL стойка стабилизатора;LEN00001761;771307;шт;CTR
CTR;Стойка стабилизатора;CLN-38;;;CLN-38 стойка стабилизатора  CTR;CTR/CL стойка стабилизатора;LEN00009089;;шт;CTR
CTR;Стойка стабилизатора;CLN-39;;;CLN-39 стойка стабилизатора  CTR;CTR/CL стойка стабилизатора;LEN00003384;;шт;CTR
CTR;Стойка стабилизатора;CLN-4;SL-4745;;CLN-4 стойка стабилизатора /SL-4745/ CTR;CTR/CL стойка стабилизатора;AMR00000826;77204;шт;CTR
CTR;Стойка стабилизатора;CLN-40;;;CLN-40 стойка стабилизатора CTR;CTR/CL стойка стабилизатора;AMR00002299;771247;шт;CTR
CTR;Стойка стабилизатора;CLN-41;;;CLN-41 стойка стабилизатора CTR;CTR/CL стойка стабилизатора;AMR00002300;771194;шт;CTR
CTR;Стойка стабилизатора;CLN-47;SL-N090R;;CLN-47 стойка стабилизатора /SL-N090R/ CTR;CTR/CL стойка стабилизатора;AMR00000990;771302;шт;CTR
CTR;Стойка стабилизатора;CLN-48;SL-N090L;;CLN-48 стойка стабилизатора /SL-N090L/  CTR;CTR/CL стойка стабилизатора;AMR00000989;771303;шт;CTR
CTR;Стойка стабилизатора;CLN-49;;;CLN-49 стойка стабилизатора CTR;CTR/CL стойка стабилизатора;AMR00002304;3000728;шт;CTR
CTR;Стойка стабилизатора;CLN-5;;;CLN-5 стойка стабилизатора CTR;CTR/CL стойка стабилизатора;LEN00002352;771311;шт;CTR
CTR;Стойка стабилизатора;CLN-51;;;CLN-51 CL0474 стойка стабилизатора CTR;CTR/CL стойка стабилизатора;LEN00000286;;шт;CTR
CTR;Стойка стабилизатора;CLN-52;;;CLN-52 стойка стабилизатора CTR;CTR/CL стойка стабилизатора;LEN00002109;771321;шт;CTR
CTR;Стойка стабилизатора;CLN-53;;;CLN-53 стойка стабилизатора CTR;CTR/CL стойка стабилизатора;LEN00002110;771326;шт;CTR
CTR;Стойка стабилизатора;CLN-54;;;CLN-54 стойка стабилизатора CTR;CTR/CL стойка стабилизатора;LEN00001278;3041654;шт;CTR
CTR;Стойка стабилизатора;CLN-65L;;;CLN-65L стойка стабилизатора CTR;CTR/CL стойка стабилизатора;LEN00011148;;шт;CTR
CTR;Стойка стабилизатора;CLN-65R;;;CLN-65R стойка стабилизатора CTR;CTR/CL стойка стабилизатора;LEN00011149;;шт;CTR
CTR;Стойка стабилизатора;CLN-67L;;;CLN-67L стойка стабилизатора CTR;CTR/CL стойка стабилизатора;LEN00013880;;шт;CTR
CTR;Стойка стабилизатора;CLN-67R;;;CLN-67R стойка стабилизатора CTR;CTR/CL стойка стабилизатора;LEN00013881;;шт;CTR
CTR;Стойка стабилизатора;CLN-75;;;CLN-75 стойка стабилизатора CTR;CTR/CL стойка стабилизатора;LEN00006149;;шт;CTR
CTR;Стойка стабилизатора;CLN-9;;;CLN-9 стойка стабилизатора CTR;CTR/CL стойка стабилизатора;LEN00001690;77544;шт;CTR
CTR;Стойка стабилизатора;CLS-1;SL-7390;;CLS-1 стойка стабилизатора /SL-7390/ CTR;CTR/CL стойка стабилизатора;LEN00000098;77775;шт;CTR
CTR;Стойка стабилизатора;CLS-3;;;CLS-3 стойка стабилизатора CTR;CTR/CL стойка стабилизатора;LEN00011505;;шт;CTR
CTR;Стойка стабилизатора;CLS-9;;;CLS-9 стойка стабилизатора CTR;CTR/CL стойка стабилизатора;LEN00004344;;шт;CTR
CTR;Стойка стабилизатора;CLSU-1;;;CLSU-1 стойка стабилизатора  CTR;CTR/CL стойка стабилизатора;AMR00001102;771175;шт;CTR
CTR;Стойка стабилизатора;CLSU-4;;;CLSU-4 стойка стабилизатора  CTR;CTR/CL стойка стабилизатора;LEN00011061;;шт;CTR
CTR;Стойка стабилизатора;CLSU-7;;;CLSU-7 стойка стабилизатора  CTR;CTR/CL стойка стабилизатора;LEN00011060;;шт;CTR
CTR;Стойка стабилизатора;CLT-102;;;CLT-102 стойка стабилизатора CTR;CTR/CL стойка стабилизатора;LEN00010884;77212;шт;CTR
CTR;Стойка стабилизатора;CLT-115;;;CLT-115 стойка стабилизатора CTR;CTR/CL стойка стабилизатора;LEN00011769;CL0615K;шт;CTR
CTR;Стойка стабилизатора;CLT-123;;;CLT-123 стойка стабилизатора CTR;CTR/CL стойка стабилизатора;LEN00010219;77210;шт;CTR
CTR;Стойка стабилизатора;CLT-13;;;CLT-13 стойка стабилизатора CTR;CTR/CL стойка стабилизатора;AMR00001695;;шт;CTR
CTR;Стойка стабилизатора;CLT-14;SL-3690L;;CLT-14 стойка стабилизатора /SL-3690L/ CTR;CTR/CL стойка стабилизатора;164;77210;шт;CTR
CTR;Стойка стабилизатора;CLT-15;SL-3690R;;CLT-15 стойка стабилизатора /SL-3690R/ CTR;CTR/CL стойка стабилизатора;165;77211;шт;CTR
CTR;Стойка стабилизатора;CLT-16;SL-2935;;CLT-16 стойка стабилизатора/SL-2935/ CTR;CTR/CL стойка стабилизатора;AMR00000379;77212;шт;CTR
CTR;Стойка стабилизатора;CLT-17;SL-3755;;CLT-17 стойка стабилизатора /SL-3755 / CTR;CTR/CL стойка стабилизатора;AMR00000683;77295;шт;CTR
CTR;Стойка стабилизатора;CLT-18;SL-2965;;CLT-18 стойка стабилизатора /SL-2965 / CTR;CTR/CL стойка стабилизатора;AMR00000381;77398;шт;CTR
CTR;Стойка стабилизатора;CLT-19;SL-3750;;CLT-19 стойка стабилизатора /SL-3750/ CTR;CTR/CL стойка стабилизатора;AMR00000382;77399;шт;CTR
CTR;Стойка стабилизатора;CLT-2;SL-2805;;CLT-2 стойка стабилизатора /SL-2805/ CTR;CTR/CL стойка стабилизатора;2128;;шт;CTR
CTR;Стойка стабилизатора;CLT-21;SL-3660;;CLT-21 стойка стабилизатора /SL-3660/ CTR;CTR/CL стойка стабилизатора;AMR00000920;77849;шт;CTR
CTR;Стойка стабилизатора;CLT-24;;;CLT-24 стойка стабилизатора CTR;CTR/CL стойка стабилизатора;LEN00001345;77401;шт;CTR
CTR;Стойка стабилизатора;CLT-25;;;CLT-25 стойка стабилизатора CTR;CTR/CL стойка стабилизатора;LEN00003386;;шт;CTR
CTR;Стойка стабилизатора;CLT-29;SL-3640;;CLT-29 стойка стабилизатора /SL-3640/ CTR;CTR/CL стойка стабилизатора;AMR00000384;77699;шт;CTR
CTR;Стойка стабилизатора;CLT-31;SL-3520R;;CLT-31/SL-3520R/ стойка стабилизатора CTR;CTR/CL стойка стабилизатора;AMR00001501;77627;шт;CTR
CTR;Стойка стабилизатора;CLT-32;SL-3520L;;CLT-32/ SL-3520L/ стойка стабилизатора CTR;CTR/CL стойка стабилизатора;AMR00001502;77628;шт;CTR
CTR;Стойка стабилизатора;CLT-35;;;CLT-35 стойка стабилизатора CTR;CTR/CL стойка стабилизатора;AMR00001060;77631;шт;CTR
CTR;Стойка стабилизатора;CLT-4;SL-2960;;CLT-4 стойка стабилизатора /SL-2960/ CTR;CTR/CL стойка стабилизатора;AMR00000380;77215;шт;CTR
CTR;Стойка стабилизатора;CLT-40;;;CLT-40 стойка стабилизатора  CTR;CTR/CL стойка стабилизатора;AMR00000383;;шт;CTR
CTR;Стойка стабилизатора;CLT-41;SL-3830;;CLT-41 стойка стабилизатора /SL-3830/CTR;CTR/CL стойка стабилизатора;LEN00005781;;шт;CTR
CTR;Стойка стабилизатора;CLT-42;SL-3955;;CLT-42/SL-3955/ стойка стабилизатора CTR;CTR/CL стойка стабилизатора;AMR00001285;77940;шт;CTR
CTR;Стойка стабилизатора;CLT-43;SL-3845;;CLT-43 стойка стабилизатора /SL-3845/ CTR;CTR/CL стойка стабилизатора;AMR00000791;3000858;шт;CTR
CTR;Стойка стабилизатора;CLT-45;;;CLT-45 стойка стабилизатора CTR;CTR/CL стойка стабилизатора;AMR00001906;771107;шт;CTR
CTR;Стойка стабилизатора;CLT-46;SL-3890L;;CLT-46 стойка стабилизатора /SL-3890L/ CTR;CTR/CL стойка стабилизатора;AMR00001676;771225;шт;CTR
CTR;Стойка стабилизатора;CLT-48;;;CLT-48 стойка стабилизатора  CTR;CTR/CL стойка стабилизатора;LEN00001618;771340;шт;CTR
CTR;Стойка стабилизатора;CLT-49;SL-T010;;CLT-49 стойка стабилизатора /SL-T010/ CTR;CTR/CL стойка стабилизатора;AMR00000766;771108;шт;CTR
CTR;Стойка стабилизатора;CLT-50;SL-3920;;CLT-50 /SL-3920/стойка стабилизатора CTR;CTR/CL стойка стабилизатора;AMR00000792;771033;шт;CTR
CTR;Стойка стабилизатора;CLT-56;;;CLT-56 стойка стабилизатора CTR;CTR/CL стойка стабилизатора;AMR00000682;;шт;CTR
CTR;Стойка стабилизатора;CLT-57;;;CLT-57 стойка стабилизатора CTR;CTR/CL стойка стабилизатора;LEN00013580;;шт;CTR
CTR;Стойка стабилизатора;CLT-62;;;CLT-62 стойка стабилизатора CTR;CTR/CL стойка стабилизатора;LEN00001569;771111;шт;CTR
CTR;Стойка стабилизатора;CLT-64;;;CLT-64 стойка стабилизатора CTR;CTR/CL стойка стабилизатора;LEN00003387;;шт;CTR
CTR;Стойка стабилизатора;CLT-65;;;CLT-65 стойка стабилизатора CTR;CTR/CL стойка стабилизатора;LEN00000830;;шт;CTR
CTR;Стойка стабилизатора;CLT-67;;;CLT-67 стойка стабилизатора CTR;CTR/CL стойка стабилизатора;AMR00001852;;шт;CTR
CTR;Стойка стабилизатора;CLT-69;;;CLT-69 PL0591 стойка стабилизатора гибрид CTR;CTR/CL стойка стабилизатора;LEN00013919;;шт;CTR
CTR;Стойка стабилизатора;CLT-69;;;CLT-69 стойка стабилизатора CTR;CTR/CL стойка стабилизатора;AMR00001534;771114;шт;CTR
CTR;Стойка стабилизатора;CLT-7;SL-2990L;;CLT-7 стойка стабилизатора /SL-2990L/ CTR;CTR/CL стойка стабилизатора;166;;шт;CTR
CTR;Стойка стабилизатора;CLT-70;SL-3925R;;CLT-70 /SL-3925R/стойка стабилизатора CTR;CTR/CL стойка стабилизатора;AMR00001216;771115;шт;CTR
CTR;Стойка стабилизатора;CLT-71;SL-3925L;;CLT-71/SL-3925L/стойка стабилизатора CTR;CTR/CL стойка стабилизатора;AMR00001576;771116;шт;CTR
CTR;Стойка стабилизатора;CLT-72;SL-3545;;CLT-72 стойка стабилизатора /SL-3545/ CTR;CTR/CL стойка стабилизатора;AMR00000734;771217;шт;CTR
CTR;Стойка стабилизатора;CLT-8;SL-2990R;;CLT-8 стойка стабилизатора /SL-2990R/ CTR;CTR/CL стойка стабилизатора;167;77218;шт;CTR
CTR;Стойка стабилизатора;CLT-86;;;CLT-86 стойка стабилизатора CTR;CTR/CL стойка стабилизатора;LEN00004616;;шт;CTR
CTR;Сошка рулевая;CPM-12;;;CPM-12 Сошка рулевая CTR;CTR/CP сошка рулевая;LEN00001089;;шт;CTR
CTR;Тяга рулевая;CRD-9;;;CRD-9 тяга рулевая CTR;CTR/CR тяга рулевая;LEN00006127;;шт;CTR
CTR;Тяга рулевая;CRHO-10;SR-6180;;CRHO-10 тяга рулевая /SR-6180/ CTR;CTR/CR тяга рулевая;AMR00002207;77296;шт;CTR
CTR;Тяга рулевая;CRHO-11;SR-6190;;CRHO-11 тяга рулевая /SR-6190/ CTR;CTR/CR тяга рулевая;AMR00000497;77224;шт;CTR
CTR;Тяга рулевая;CRHO-14;;;CRHO-14 тяга рулевая CTR;CTR/CR тяга рулевая;AMR00002316;;шт;CTR
CTR;Тяга рулевая;CRHO-15;SR-6260;;CRHO-15 тяга рулевая /SR-6260/ CTR;CTR/CR тяга рулевая;AMR00000392;77297;шт;CTR
CTR;Тяга рулевая;CRHO-17;SR-6220;;CRHO-17 тяга рулевая /SR-6220/ CTR;CTR/CR тяга рулевая;1724;77227;шт;CTR
CTR;Тяга рулевая;CRHO-20;;;CRHO-20 тяга рулевая CTR;CTR/CR тяга рулевая;LEN00003343;;шт;CTR
CTR;Тяга рулевая;CRHO-23;SR-6280;;CRHO-23 тяга рулевая /SR-6280/ CTR;CTR/CR тяга рулевая;AMR00000393;77407;шт;CTR
CTR;Тяга рулевая;CRHO-3;;;CRHO-3 тяга рулевая CTR;CTR/CR тяга рулевая;LEN00000276;77228;шт;CTR
CTR;Тяга рулевая;CRHO-32;SR-6340R;;CRHO-32 тяга рулевая /SR-6340R/ CTR;CTR/CR тяга рулевая;AMR00000395;771169;шт;CTR
CTR;Тяга рулевая;CRHO-33;SR-6340L;;CRHO-33 тяга рулевая /SR-6340L/ CTR;CTR/CR тяга рулевая;AMR00000394;771170;шт;CTR
CTR;Тяга рулевая;CRHO-34;SR-6320;;CRHO-34 /SR-6320/тяга рулевая CTR;CTR/CR тяга рулевая;AMR00001760;771125;шт;CTR
CTR;Тяга рулевая;CRHO-48;;;CRHO-48 тяга рулевая CTR;CTR/CR тяга рулевая;LEN00007406;;шт;CTR
CTR;Тяга рулевая;CRHO-49;;;CRHO-49 тяга рулевая CTR;CTR/CR тяга рулевая;LEN00012566;;шт;CTR
CTR;Тяга рулевая;CRHO-51;;;CRHO-51 тяга рулевая CTR;CTR/CR тяга рулевая;LEN00011258;;шт;CTR
CTR;Тяга рулевая;CRHO-54;;;CRHO-54 тяга рулевая CTR;CTR/CR тяга рулевая;LEN00009167;;шт;CTR
CTR;Тяга рулевая;CRHO-70;;;CRHO-70 тяга рулевая  CTR;CTR/CR тяга рулевая;LEN00007790;;шт;CTR
CTR;Тяга рулевая;CRHO-72;;;CRHO-72 тяга рулевая  CTR;CTR/CR тяга рулевая;LEN00008019;;шт;CTR
CTR;Тяга рулевая;CRKK-2;;;CRKK-2 тяга рулевая CTR;CTR/CR тяга рулевая;LEN00010996;;шт;CTR
CTR;Тяга рулевая;CRM-11;;;CRM-11 тяга рулевая CTR;CTR/CR тяга рулевая;LEN00004322;;шт;CTR
CTR;Тяга рулевая;CRM-13;SR-7700;;CRM-13 тяга рулевая /SR-7700/SR-7870/ CTR;CTR/CR тяга рулевая;AMR00000710;77314;шт;CTR
CTR;Тяга рулевая;CRM-16;;;CRM-16 тяга рулевая CTR;CTR/CR тяга рулевая;LEN00001110;77230;шт;CTR
CTR;Тяга рулевая;CRM-17;;;CRM-17 тяга рулевая CTR;CTR/CR тяга рулевая;LEN00001109;77231;шт;CTR
CTR;Тяга рулевая;CRM-20;SR-7840;;CRM-20 тяга рулевая /SR-7840/ CTR;CTR/CR тяга рулевая;AMR00000464;771010;шт;CTR
CTR;Тяга рулевая;CRM-22;SR-7700;;CRM-22 тяга рулевая /SR-7700/SR-7870/ CTR;CTR/CR тяга рулевая;AMR00001049;771004;шт;CTR
CTR;Тяга рулевая;CRM-25;;;CRM-25 тяга рулевая CTR;CTR/CR тяга рулевая;AMR00000924;77990;шт;CTR
CTR;Тяга рулевая;CRM-26;;;CRM-26 тяга рулевая CTR;CTR/CR тяга рулевая;AMR00000834;779050;шт;CTR
CTR;Тяга рулевая;CRM-29;;;CRM-29 тяга рулевая CTR;CTR/CR тяга рулевая;AMR00001625;771135;шт;CTR
CTR;Тяга рулевая;CRM-33;;;CRM-33 тяга рулевая CTR;CTR/CR тяга рулевая;LEN00005376;;шт;CTR
CTR;Тяга рулевая;CRM-37;;;CRM-37 тяга рулевая CTR;CTR/CR тяга рулевая;LEN00010111;;шт;CTR
CTR;Тяга рулевая;CRM-8;;;CRM-8 тяга рулевая CTR;CTR/CR тяга рулевая;LEN00002379;77234;шт;CTR
CTR;Тяга рулевая;CRMZ-52;;;CRMZ-52 тяга рулевая CTR;CTR/CR тяга рулевая;LEN00008970;;шт;CTR
CTR;Тяга рулевая;CRMZ-53;;;CRMZ-53 тяга рулевая CTR;CTR/CR тяга рулевая;LEN00007075;;шт;CTR
CTR;Тяга рулевая;CRN-1;;;CRN-1 тяга рулевая  CTR;CTR/CR тяга рулевая;LEN00000251;77237;шт;CTR
CTR;Тяга рулевая;CRN-12;;;CRN-12 тяга рулевая  CTR;CTR/CR тяга рулевая;LEN00003345;;шт;CTR
CTR;Тяга рулевая;CRN-16;;;CRN-16 тяга рулевая  CTR;CTR/CR тяга рулевая;LEN00008549;;шт;CTR
CTR;Тяга рулевая;CRN-21;;;CRN-21 тяга рулевая  CTR;CTR/CR тяга рулевая;AMR00001893;77418;шт;CTR
CTR;Тяга рулевая;CRN-22;SR-4850;;CRN-22 тяга рулевая /SR-4850/ CTR;CTR/CR тяга рулевая;AMR00000389;77419;шт;CTR
CTR;Тяга рулевая;CRN-24;SR-4860;;CRN-24/ SR-4860/ тяга рулевая  CTR;CTR/CR тяга рулевая;AMR00001427;77420;шт;CTR
CTR;Тяга рулевая;CRN-25;;;CRN-25 тяга рулевая  CTR;CTR/CR тяга рулевая;LEN00008403;;шт;CTR
CTR;Тяга рулевая;CRN-29;;;CRN-29 тяга рулевая  CTR;CTR/CR тяга рулевая;LEN00000824;77807;шт;CTR
CTR;Тяга рулевая;CRN-3;;;CRN-3 тяга рулевая CTR;CTR/CR тяга рулевая;LEN00003346;;шт;CTR
CTR;Тяга рулевая;CRN-32;SR-4910;;CRN-32 тяга рулевая /SR-4910/ CTR;CTR/CR тяга рулевая;AMR00000102;77972;шт;CTR
CTR;Тяга рулевая;CRN-33;;;CRN-33 тяга рулевая  CTR;CTR/CR тяга рулевая;LEN00002172;77618;шт;CTR
CTR;Тяга рулевая;CRN-35;;;CRN-35 тяга рулевая  CTR;CTR/CR тяга рулевая;LEN00008101;;шт;CTR
CTR;Тяга рулевая;CRN-39;;;CRN-39 тяга рулевая  CTR;CTR/CR тяга рулевая;LEN00008117;;шт;CTR
CTR;Тяга рулевая;CRN-7;;;CRN-7 тяга рулевая CTR;CTR/CR тяга рулевая;LEN00004528;;шт;CTR
CTR;Тяга рулевая;CRN-73;;;CRN-73 CR0506 тяга рулевая CTR;CTR/CR тяга рулевая;LEN00014928;;шт;CTR
CTR;Тяга рулевая;CRN-8;SR-4740;;CRN-8 тяга рулевая /SR-4740/ CTR;CTR/CR тяга рулевая;2503;77243;шт;CTR
CTR;Тяга рулевая;CRN-9;;;CRN-9 тяга рулевая CTR;CTR/CR тяга рулевая;AMR00001682;77623;шт;CTR
CTR;Тяга рулевая;CRS-14;;;CRS-14 тяга рулевая CTR;CTR/CR тяга рулевая;LEN00001867;771360;шт;CTR
CTR;Тяга рулевая;CRS-6;;;CRS-6 тяга рулевая CTR;CTR/CR тяга рулевая;LEN00003351;;шт;CTR
CTR;Тяга рулевая;CRS-7;;;CRS-7 тяга рулевая CTR;CTR/CR тяга рулевая;LEN00012449;;шт;CTR
CTR;Тяга рулевая;CRSU-10;;;CRSU-10 тяга рулевая CTR;CTR/CR тяга рулевая;LEN00001022;77953;шт;CTR
CTR;Тяга рулевая;CRSU-9;;;CRSU-9 тяга рулевая CTR;CTR/CR тяга рулевая;LEN00001612;771000;шт;CTR
CTR;Тяга рулевая;CRT-101;;;CRT-101 тяга рулевая  CTR;CTR/CR тяга рулевая;LEN00002204;3000882;шт;CTR
CTR;Тяга рулевая;CRT-115;;;CRT-115 тяга рулевая  CTR;CTR/CR тяга рулевая;LEN00009496;;шт;CTR
CTR;Тяга рулевая;CRT-133;;;CRT-133 тяга рулевая  CTR;CTR/CR тяга рулевая;LEN00011755;;шт;CTR
CTR;Тяга рулевая;CRT-17;;;CRT-17 тяга рулевая  CTR;CTR/CR тяга рулевая;LEN00003915;;шт;CTR
CTR;Тяга рулевая;CRT-18;;;CRT-18 тяга рулевая  CTR;CTR/CR тяга рулевая;LEN00004927;;шт;CTR
CTR;Тяга рулевая;CRT-21;SR-2820;;CRT-21 тяга рулевая /SR-2820 / CTR;CTR/CR тяга рулевая;AMR00001327;77254;шт;CTR
CTR;Тяга рулевая;CRT-22;SR-2821;;CRT-22 /SR-2821/тяга рулевая  CTR;CTR/CR тяга рулевая;AMR00001471;77255;шт;CTR
CTR;Тяга рулевая;CRT-23;SR-2920;;CRT-23 тяга рулевая /SR-2920/ CTR;CTR/CR тяга рулевая;AMR00000595;77256;шт;CTR
CTR;Тяга рулевая;CRT-25;SR-2930;;CRT-25 тяга рулевая /SR-2930/ CTR;CTR/CR тяга рулевая;AMR00000390;77257;шт;CTR
CTR;Тяга рулевая;CRT-26;;;CRT-26 тяга рулевая CTR;CTR/CR тяга рулевая;LEN00001678;77258;шт;CTR
CTR;Тяга рулевая;CRT-28;SR-2961;;CRT-28 тяга рулевая /SR-2961/ CTR;CTR/CR тяга рулевая;168;;шт;CTR
CTR;Тяга рулевая;CRT-32;;;CRT-32 тяга рулевая CTR;CTR/CR тяга рулевая;AMR00001894;77262;шт;CTR
CTR;Тяга рулевая;CRT-34;SR-2990;;CRT-34 тяга рулевая SR2990 CTR;CTR/CR тяга рулевая;169;;шт;CTR
CTR;Тяга рулевая;CRT-36;SR-3510;;CRT-36 тяга рулевая /SR-3510/ CTR;CTR/CR тяга рулевая;170;;шт;CTR
CTR;Тяга рулевая;CRT-37;SR-2970;;CRT-37 тяга рулевая /SR-2970/ CTR;CTR/CR тяга рулевая;AMR00000387;77265;шт;CTR
CTR;Тяга рулевая;CRT-43;SR-3570;;CRT-43 тяга рулевая /SR-3570/ CTR;CTR/CR тяга рулевая;AMR00000770;77268;шт;CTR
CTR;Тяга рулевая;CRT-44;SR-3520;;CRT-44 /SR-3520/тяга рулевая  CTR;CTR/CR тяга рулевая;AMR00001503;77318;шт;CTR
CTR;Тяга рулевая;CRT-45;SR-2991;;CRT-45 тяга рулевая /SR-2991/ CTR;CTR/CR тяга рулевая;171;77269;шт;CTR
CTR;Тяга рулевая;CRT-47;SR-3600;;CRT-47 тяга рулевая /SR-3600/ CTR;CTR/CR тяга рулевая;2506;77271;шт;CTR
CTR;Тяга рулевая;CRT-50;;;CRT-50 тяга рулевая CTR;CTR/CR тяга рулевая;1723;;шт;CTR
CTR;Тяга рулевая;CRT-53;SR-3930;;CRT-53/SR-3930/тяга рулевая CTR;CTR/CR тяга рулевая;AMR00001853;;шт;CTR
CTR;Тяга рулевая;CRT-54;SR-3640;;CRT-54 тяга рулевая /SR-3640/ CTR;CTR/CR тяга рулевая;AMR00000388;77426;шт;CTR
CTR;Тяга рулевая;CRT-56;;;CRT-56 тяга рулевая CTR;CTR/CR тяга рулевая;LEN00000339;77427;шт;CTR
CTR;Тяга рулевая;CRT-58;;;CRT-58 тяга рулевая CTR;CTR/CR тяга рулевая;AMR00001979;77428;шт;CTR
CTR;Тяга рулевая;CRT-59;;;CRT-59 тяга рулевая CTR;CTR/CR тяга рулевая;LEN00003353;;шт;CTR
CTR;Тяга рулевая;CRT-6;SR-2800;;CRT-6 тяга рулевая /SR-2800/ CTR;CTR/CR тяга рулевая;AMR00000673;77273;шт;CTR
CTR;Тяга рулевая;CRT-61;SR-3750;;CRT-61/SR-3750/ тяга рулевая  CTR;CTR/CR тяга рулевая;AMR00001076;77841;шт;CTR
CTR;Тяга рулевая;CRT-66;SR-3760R;;CRT-66 тяга рулевая /SR-3760R/ CTR;CTR/CR тяга рулевая;AMR00000606;77860;шт;CTR
CTR;Тяга рулевая;CRT-67;;;CRT-67 тяга рулевая CTR;CTR/CR тяга рулевая;LEN00009952;77273;шт;CTR
CTR;Тяга рулевая;CRT-73;SR-3940;;CRT-73 тяга рулевая /SR-3940/ CTR;CTR/CR тяга рулевая;AMR00000391;771024;шт;CTR
CTR;Тяга рулевая;CRT-74;;;CRT-74 тяга рулевая  CTR;CTR/CR тяга рулевая;AMR00002180;77958;шт;CTR
CTR;Тяга рулевая;CRT-75;SR-3740;;CRT-75 тяга рулевая /SR-3740/ CTR;CTR/CR тяга рулевая;AMR00000463;77959;шт;CTR
CTR;Тяга рулевая;CRT-77;;;CRT-77 тяга рулевая CTR;CTR/CR тяга рулевая;LEN00002025;77961;шт;CTR
CTR;Тяга рулевая;CRT-78;SR-3900;;CRT-78 тяга рулевая /SR-3900 / CTR;CTR/CR тяга рулевая;AMR00001811;77961;шт;CTR
CTR;Тяга рулевая;CRT-79;SR-T260;;CRT-79 тяга рулевая /SR-T260/ CTR;CTR/CR тяга рулевая;AMR00000897;779662;шт;CTR
CTR;Тяга рулевая;CRT-80;;;CRT-80 тяга рулевая CTR;CTR/CR тяга рулевая;LEN00006605;;шт;CTR
CTR;Тяга рулевая;CRT-83;;;CRT-83 тяга рулевая CTR;CTR/CR тяга рулевая;LEN00001762;771174;шт;CTR
CTR;Тяга рулевая;CRT-84;SR-3980;;CRT-84/ SR-3980/ тяга рулевая CTR;CTR/CR тяга рулевая;AMR00001024;771265;шт;CTR
CTR;Тяга рулевая;CRT-90;SR-T030;;CRT-90 тяга рулевая /SR-T030/ CTR;CTR/CR тяга рулевая;AMR00001048;771143;шт;CTR
CTR;Тяга рулевая;CRT-91;;;CRT-91 тяга рулевая CTR;CTR/CR тяга рулевая;LEN00002292;771144;шт;CTR
CTR;Тяга рулевая;CRT-95;;;CRT-95 тяга рулевая CTR;CTR/CR тяга рулевая;LEN00003354;;шт;CTR
CTR;Тяга рулевая;CRT-96;SR-3901;;CRT-96 тяга рулевая /SR-3901 / CTR;CTR/CR тяга рулевая;AMR00001803;771148;шт;CTR
CTR;Тяга рулевая;CSN-16;;;CSN-16 тяга рулевая  CTR;CTR/CR тяга рулевая;LEN00009699;77431;шт;CTR
CTR;Тяга рулевая;CSN-2L;;;CSN-2L тяга рулевая  CTR;CTR/CR тяга рулевая;AMR00002297;77430;шт;CTR
CTR;Тяга рулевая;CSN-2R;;;CSN-2R тяга рулевая  CTR;CTR/CR тяга рулевая;AMR00002296;77431;шт;CTR
LYNXauto;Шаровая опора;C1028LR;;;C1028LR шаровая опора LYNXauto;LYNX/SB опора шаровая;LEN00009402;;шт;LYNX
LYNXauto;Шаровая опора;C1041LR;;;C1041LR Опора шаровая | перед прав/лев | LYNXauto;LYNX/SB опора шаровая;LEN00011001;;шт;LYNX
LYNXauto;Шаровая опора;C1090LR;;;C1090LR шаровая опора LYNXauto;LYNX/SB опора шаровая;LEN00009547;;шт;LYNX
LYNXauto;Шаровая опора;C1091LR;;;C1091LR шаровая опора LYNXauto;LYNX/SB опора шаровая;LEN00011646;;шт;LYNX
LYNXauto;Шаровая опора;C1100LR;;;C1100LR шаровая опора LYNXauto;LYNX/SB опора шаровая;LEN00007043;;шт;LYNX
LYNXauto;Шаровая опора;C1144LR;;;C1144LR шаровая опора LYNXauto;LYNX/SB опора шаровая;LEN00009101;;шт;LYNX
LYNXauto;Шаровая опора;C1146LR;;;C1146LR шаровая опора LYNXauto;LYNX/SB опора шаровая;LEN00009938;;шт;LYNX
LYNXauto;Шаровая опора;C1182LR;;;C1182LR шаровая опора LYNXauto;LYNX/SB опора шаровая;LEN00011625;;шт;LYNX
LYNXauto;Шаровая опора;C1201LR;;;C1201LR шаровая опора LYNXauto;LYNX/SB опора шаровая;LEN00008555;;шт;LYNX
LYNXauto;Шаровая опора;C1218LR;;;C1218LR шаровая опора LYNXauto;LYNX/SB опора шаровая;LEN00006242;;шт;LYNX
LYNXauto;Шаровая опора;C1241LR;;;C1241LR шаровая опора LYNXauto;LYNX/SB опора шаровая;LEN00010993;;шт;LYNX
LYNXauto;Шаровая опора;C1251LR;;;C1251LR шаровая опора LYNXauto;LYNX/SB опора шаровая;LEN00011469;;шт;LYNX
LYNXauto;Шаровая опора;C1260LR;;;C1260LR шаровая опора LYNXauto;LYNX/SB опора шаровая;LEN00007582;;шт;LYNX
LYNXauto;Шаровая опора;C1325LR;;;C1325LR шаровая опора LYNXauto;LYNX/SB опора шаровая;LEN00007643;;шт;LYNX
LYNXauto;Шаровая опора;C1341LR;;;C1341LR шаровая опора LYNXauto;LYNX/SB опора шаровая;LEN00014180;;шт;LYNX
LYNXauto;Шаровая опора;C1367LR;;;C1367LR шаровая опора LYNXauto;LYNX/SB опора шаровая;LEN00007826;;шт;LYNX
LYNXauto;Шаровая опора;C1026LR;CBHO-16;;CBHO-16 C1026LR шаровая опора LYNXauto;LYNX/SB опора шаровая;LEN00007529;;шт;LYNX
LYNXauto;Шаровая опора;C1023LR;CBHO-27;;CBHO-27 C1023LR шаровая опора LYNXauto;LYNX/SB опора шаровая;LEN00004789;;шт;LYNX
LYNXauto;Шаровая опора;C1025LR;CBHO-28;;CBHO-28 C1025LR шаровая опора LYNXauto;LYNX/SB опора шаровая;LEN00004791;;шт;LYNX
LYNXauto;Шаровая опора;C1099LR;CBHO-32;;CBHO-32 C1099LR шаровая опора LYNXauto;LYNX/SB опора шаровая;LEN00013992;;шт;LYNX
LYNXauto;Шаровая опора;C1096LR;CBHO-49;;CBHO-49 C1096LR шаровая опора LYNXauto;LYNX/SB опора шаровая;LEN00012430;;шт;LYNX
LYNXauto;Шаровая опора;C1273LR;CBHO-56;;CBHO-56 C1273LR шаровая опора LYNXauto;LYNX/SB опора шаровая;LEN00010613;;шт;LYNX
LYNXauto;Шаровая опора;C1024LR;CBHO-6;;CBHO-6 C1024LR шаровая опора LYNXauto;LYNX/SB опора шаровая;LEN00004790;;шт;LYNX
LYNXauto;Шаровая опора;C1097LR;CBM-36;;CBM-36 шаровая опора  C1097LR LYNXauto;LYNX/SB опора шаровая;LEN00008780;;шт;LYNX
LYNXauto;Шаровая опора;C1033LR;CBMZ-13;;CBMZ-13 шаровая опора  /C1033LR/ LYNXauto;LYNX/SB опора шаровая;LEN00006338;;шт;LYNX
LYNXauto;Шаровая опора;C1030LR;CBMZ-17;;CBMZ-17 C1030LR шаровая опора LYNXauto;LYNX/SB опора шаровая;LEN00006550;;шт;LYNX
LYNXauto;Шаровая опора;C1020LR;CBN-11;;CBN-11 шаровая опора  C1020LR LYNXauto;LYNX/SB опора шаровая;LEN00005792;;шт;LYNX
LYNXauto;Шаровая опора;C1021LR;CBN-21;;CBN-21 шаровая опора  C1021LR LYNXauto;LYNX/SB опора шаровая;LEN00005793;77038;шт;LYNX
LYNXauto;Шаровая опора;C1045LR;CBN-30;;CBN-30 C1045LR шаровая опора LYNXauto;LYNX/SB опора шаровая;LEN00005117;;шт;LYNX
LYNXauto;Шаровая опора;C1042LR;CBN-36;;CBN-36 C1042LR шаровая опора LYNXauto;LYNX/SB опора шаровая;LEN00010604;;шт;LYNX
LYNXauto;Шаровая опора;C1044LR;CBN-64;;CBN-64 шаровая опора  /C1044LR/ LYNXauto;LYNX/SB опора шаровая;LEN00005375;;шт;LYNX
LYNXauto;Шаровая опора;C1303LR;CBN-70;;CBN-70/C1303LR  шаровая опора LYNXauto;LYNX/SB опора шаровая;LEN00005016;;шт;LYNX
LYNXauto;Шаровая опора;C1307LR;CBN-71;;CBN-71/C1307LR  шаровая опора LYNXauto;LYNX/SB опора шаровая;LEN00013015;;шт;LYNX
LYNXauto;Шаровая опора;C1202LR;CBN-78;;CBN-78/C1202LR  шаровая опора LYNXauto;LYNX/SB опора шаровая;LEN00009083;;шт;LYNX
LYNXauto;Шаровая опора;C1350LR;CBT-12;;CBT-12 C1350LR шаровая опора LYNXauto;LYNX/SB опора шаровая;LEN00006469;;шт;LYNX
LYNXauto;Шаровая опора;C1055LR;CBT-16;;CBT-16 C1055LR шаровая опора LYNX;LYNX/SB опора шаровая;LEN00006106;;шт;LYNX
LYNXauto;Шаровая опора;C1073LR;CBT-25;;CBT-25 C1073LR шаровая опора LYNXauto;LYNX/SB опора шаровая;LEN00012214;;шт;LYNX
LYNXauto;Шаровая опора;C1010L;CBT-38L;;CBT-38L C1010L шаровая опора LYNXauto;LYNX/SB опора шаровая;LEN00013086;;шт;LYNX
LYNXauto;Шаровая опора;C1010R;CBT-38R;;CBT-38R C1010R шаровая опора LYNXauto;LYNX/SB опора шаровая;LEN00013087;;шт;LYNX
LYNXauto;Шаровая опора;C1054LR;CBT-39;;CBT-39 C1054LR шаровая опора LYNXauto;LYNX/SB опора шаровая;LEN00005788;;шт;LYNX
LYNXauto;Шаровая опора;C1063LR;CBT-40;;CBT-40 C1063LR Опора шаровая | перед прав/лев | LYNXauto;LYNX/SB опора шаровая;LEN00010921;;шт;LYNX
LYNXauto;Шаровая опора;C1057LR;CBT-41;;CBT-41 C1057LR Опора шаровая | перед прав/лев | LYNXauto;LYNX/SB опора шаровая;LEN00014458;;шт;LYNX
LYNXauto;Шаровая опора;C1008L;CBT-44L;;CBT-44L шаровая опора C1008L LYNX;LYNX/SB опора шаровая;LEN00004518;;шт;LYNX
LYNXauto;Шаровая опора;C1008R;CBT-44R;;CBT-44R шаровая опора C1008R LYNX;LYNX/SB опора шаровая;LEN00004519;;шт;LYNX
LYNXauto;Шаровая опора;C1062LR;CBT-46;;CBT-46 C1062LR шаровая опора LYNXauto;LYNX/SB опора шаровая;LEN00004523;;шт;LYNX
LYNXauto;Шаровая опора;C1077LR;CBT-56;;CBT-56 C1077LR шаровая опора LYNXauto;LYNX/SB опора шаровая;LEN00008713;;шт;LYNX
LYNXauto;Шаровая опора;C1098L;CBT-57L;;CBT-57L C1098L шаровая опора LYNXauto;LYNX/SB опора шаровая;LEN00005126;;шт;LYNX
LYNXauto;Шаровая опора;C1098R;CBT-57R;;CBT-57R C1098R шаровая опора LYNXauto;LYNX/SB опора шаровая;LEN00005127;;шт;LYNX
LYNXauto;Шаровая опора;C1227LR;CBT-60;;CBT-60 C1227LR шаровая опора LYNXauto;LYNX/SB опора шаровая;LEN00009269;;шт;LYNX
LYNXauto;Шаровая опора;C1343R;CBT-65;;CBT-65 C1343R шаровая опора LYNXauto;LYNX/SB опора шаровая;LEN00010423;;шт;LYNX
LYNXauto;Шаровая опора;C1343L;CBT-66;;CBT-66 C1343L шаровая опора LYNXauto;LYNX/SB опора шаровая;LEN00010422;;шт;LYNX
LYNXauto;Шаровая опора;C1333LR;CBT-67;;CBT-67 C1333LR шаровая опора LYNXauto;LYNX/SB опора шаровая;LEN00013902;;шт;LYNX
LYNXauto;Шаровая опора;C1290R;CBT-69;;CBT-69 C1290R шаровая опора LYNXauto;LYNX/SB опора шаровая;LEN00011454;;шт;LYNX
LYNXauto;Шаровая опора;C1290L;CBT-70;;CBT-70 C1290L шаровая опора LYNXauto;LYNX/SB опора шаровая;LEN00013081;;шт;LYNX
LYNXauto;Шаровая опора;C1313R;CBT-82;;CBT-82 C1313R шаровая опора LYNXauto;LYNX/SB опора шаровая;LEN00013589;;шт;LYNX
LYNXauto;Шаровая опора;C1313L;CBT-83;;CBT-83 C1313L шаровая опора LYNXauto;LYNX/SB опора шаровая;LEN00013590;;шт;LYNX
LYNXauto;Шаровая опора;C1242LR;CBT-84;;CBT-84 C1242LR шаровая опора LYNX;LYNX/SB опора шаровая;LEN00008606;;шт;LYNX
LYNXauto;Шаровая опора;C1034LR;SB-1464;;SB-1464 C1034LR шаровая опора LYNXauto;LYNX/SB опора шаровая;LEN00005730;;шт;LYNX
LYNXauto;Шаровая опора;C1328LR;SB-5321;;SB-5321 C1328LR шаровая опора LYNX;LYNX/SB опора шаровая;LEN00006134;;шт;LYNX
LYNXauto;Шаровая опора;SB-7506;;;SB-7506 опора шаровая LYNX;LYNX/SB опора шаровая;LEN00001320;3005234;шт;LYNX
LYNXauto;Шаровая опора;SB-7510;;;SB-7510 опора шаровая LINX;LYNX/SB опора шаровая;LEN00002162;;шт;LYNX
LYNXauto;Шаровая опора;C1226LR;SB-7562;;SB-7562 C1226LR шаровая опора LYNX;LYNX/SB опора шаровая;LEN00005641;;шт;LYNX
LYNXauto;Рулевой наконечник;C4014LR;;;C4014LR рулевой наконечник LYNXauto;LYNX/SE рулевые наконечники;LEN00011468;;шт;LYNX
LYNXauto;Рулевой наконечник;C4020LR;;;C4020LR рулевой наконечник LYNXauto;LYNX/SE рулевые наконечники;LEN00007840;;шт;LYNX
LYNXauto;Рулевой наконечник;C4147L;;;C4147L рулевой наконечник LYNXauto;LYNX/SE рулевые наконечники;LEN00012663;;шт;LYNX
LYNXauto;Рулевой наконечник;C4147R;;;C4147R рулевой наконечник LYNXauto;LYNX/SE рулевые наконечники;LEN00012664;;шт;LYNX
LYNXauto;Рулевой наконечник;C4159LR;;;C4159LR рулевой наконечник LYNXauto;LYNX/SE рулевые наконечники;LEN00011339;;шт;LYNX
LYNXauto;Рулевой наконечник;C4200L;;;C4200L рулевой наконечник LYNXauto;LYNX/SE рулевые наконечники;LEN00008894;;шт;LYNX
LYNXauto;Рулевой наконечник;C4200R;;;C4200R рулевой наконечник LYNXauto;LYNX/SE рулевые наконечники;LEN00008893;;шт;LYNX
LYNXauto;Рулевой наконечник;C4214L;;;C4214L Наконечник рулевой тяги | лев | LYNXauto;LYNX/SE рулевые наконечники;LEN00011302;;шт;LYNX
LYNXauto;Рулевой наконечник;C4214R;;;C4214R Наконечник рулевой тяги | прав | LYNXauto;LYNX/SE рулевые наконечники;LEN00011303;;шт;LYNX
LYNXauto;Рулевой наконечник;C4316LR;;;C4316LR рулевой наконечник LYNXauto;LYNX/SE рулевые наконечники;LEN00013155;;шт;LYNX
LYNXauto;Рулевой наконечник;C4361L;;;C4361L рулевой наконечник LYNXauto;LYNX/SE рулевые наконечники;LEN00013592;;шт;LYNX
LYNXauto;Рулевой наконечник;C4361R;;;C4361R рулевой наконечник LYNXauto;LYNX/SE рулевые наконечники;LEN00013593;;шт;LYNX
LYNXauto;Рулевой наконечник;C4380L;;;C4380L рулевой наконечник LYNXauto;LYNX/SE рулевые наконечники;LEN00012145;;шт;LYNX
LYNXauto;Рулевой наконечник;C4380R;;;C4380R рулевой наконечник LYNXauto;LYNX/SE рулевые наконечники;LEN00012144;;шт;LYNX
LYNXauto;Рулевой наконечник;C4007LR;CEHO-12;;CEHO-12 C4007LR рулевой наконечник LYNXauto;LYNX/SE рулевые наконечники;LEN00007337;;шт;LYNX
LYNXauto;Рулевой наконечник;C4048R;CEHO-17;;CEHO-17 C4048R рулевой наконечник LYNXauto;LYNX/SE рулевые наконечники;LEN00011228;;шт;LYNX
LYNXauto;Рулевой наконечник;C4048L;CEHO-18;;CEHO-18 C4048L рулевой наконечник LYNXauto;LYNX/SE рулевые наконечники;LEN00011227;;шт;LYNX
LYNXauto;Рулевой наконечник;C4046L;CEHO-6L;;CEHO-6L C4046L рулевой наконечник LYNXauto;LYNX/SE рулевые наконечники;LEN00009498;;шт;LYNX
LYNXauto;Рулевой наконечник;C4046R;CEHO-6R;;CEHO-6R C4046R рулевой наконечник LYNXauto;LYNX/SE рулевые наконечники;LEN00009499;;шт;LYNX
LYNXauto;Рулевой наконечник;C4045L;CEHO-7L;;CEHO-7L C4045L рулевой наконечник LYNXauto;LYNX/SE рулевые наконечники;LEN00004887;;шт;LYNX
LYNXauto;Рулевой наконечник;C4045R;CEHO-7R;;CEHO-7R C4045R рулевой наконечник LYNXauto;LYNX/SE рулевые наконечники;LEN00004888;;шт;LYNX
LYNXauto;Рулевой наконечник;C4012LR;CEM-12;;CEM-12 C4012LR рулевой наконечник LYNXauto;LYNX/SE рулевые наконечники;LEN00007606;;шт;LYNX
LYNXauto;Рулевой наконечник;C4011LR;CEM-14;;CEM-14 C4011LR рулевой наконечник LYNXauto;LYNX/SE рулевые наконечники;LEN00008781;;шт;LYNX
LYNXauto;Рулевой наконечник;C4016LR;CEM-27;;CEM-27 C4016LR рулевой наконечник LYNXauto;LYNX/SE рулевые наконечники;LEN00013407;;шт;LYNX
LYNXauto;Рулевой наконечник;C4383LR;CEMZ-39;;CEMZ-39 C4383LR рулевой наконечник LYNXauto;LYNX/SE рулевые наконечники;LEN00012674;;шт;LYNX
LYNXauto;Рулевой наконечник;C4100R;CEMZ-45;;CEMZ-45 C4100R рулевой наконечник LYNXauto;LYNX/SE рулевые наконечники;LEN00009068;;шт;LYNX
LYNXauto;Рулевой наконечник;C4100L;CEMZ-46;;CEMZ-46 C4100L рулевой наконечник LYNXauto;LYNX/SE рулевые наконечники;LEN00009067;;шт;LYNX
LYNXauto;Рулевой наконечник;C4355LR;CEN-105;;CEN-105 C4355LR рулевой наконечник LYNXauto;LYNX/SE рулевые наконечники;LEN00013250;;шт;LYNX
LYNXauto;Рулевой наконечник;C4129R;CEN-115;;CEN-115 C4129R рулевой наконечник LYNXauto;LYNX/SE рулевые наконечники;LEN00006183;;шт;LYNX
LYNXauto;Рулевой наконечник;C4129L;CEN-116;;CEN-116 C4129L рулевой наконечник LYNXauto;LYNX/SE рулевые наконечники;LEN00006182;;шт;LYNX
LYNXauto;Рулевой наконечник;C4357R;CEN-132;;CEN-132 C4357R рулевой наконечник LYNXauto;LYNX/SE рулевые наконечники;LEN00006292;;шт;LYNX
LYNXauto;Рулевой наконечник;C4357L;CEN-133;;CEN-133 C4357L рулевой наконечник LYNXauto;LYNX/SE рулевые наконечники;LEN00006293;;шт;LYNX
LYNXauto;Рулевой наконечник;C4021LR;CEN-42;;CEN-42 /C4021LR рулевой наконечник  LYNX;LYNX/SE рулевые наконечники;LEN00009105;;шт;LYNX
LYNXauto;Рулевой наконечник;C4026LR;CEN-43;;CEN-43 /C4026LR рулевой наконечник  LYNX;LYNX/SE рулевые наконечники;LEN00005794;;шт;LYNX
LYNXauto;Рулевой наконечник;C4017LR;CEN-47;;CEN-47 /C4017LR рулевой наконечник /SE-4581/ LYNX;LYNX/SE рулевые наконечники;LEN00004618;;шт;LYNX
LYNXauto;Рулевой наконечник;C4020LR;CEN-54;;CEN-54/C4020LR рулевой наконечник  LYNXauto;LYNX/SE рулевые наконечники;LEN00007644;;шт;LYNX
LYNXauto;Рулевой наконечник;C4018LR;CEN-80;;CEN-80 /C4018LR рулевой наконечник  LYNX;LYNX/SE рулевые наконечники;LEN00007192;;шт;LYNX
LYNXauto;Рулевой наконечник;C4020LR;CEN-98;;CEN-98/C4020LR  рулевой наконечник LYNX;LYNX/SE рулевые наконечники;AMR00000134;;шт;LYNX
LYNXauto;Рулевой наконечник;C4292LR;CES-13;;CES-13 C4292LR рулевой наконечник LYNXauto;LYNX/SE рулевые наконечники;LEN00014934;;шт;LYNX
LYNXauto;Рулевой наконечник;C4229LR;CESU-6;;CESU-6 C4229LR рулевой наконечник LYNXauto;LYNX/SE рулевые наконечники;LEN00014837;;шт;LYNX
LYNXauto;Рулевой наконечник;C4059R;CET-103;;CET-103 C4059R рулевой наконечник LYNXauto;LYNX/SE рулевые наконечники;LEN00014034;;шт;LYNX
LYNXauto;Рулевой наконечник;C4059L;CET-104;;CET-104 C4059L рулевой наконечник LYNXauto;LYNX/SE рулевые наконечники;LEN00014033;;шт;LYNX
LYNXauto;Рулевой наконечник;C4057L;CET-115L;;CET-115L C4057L рулевой наконечник LYNXauto;LYNX/SE рулевые наконечники;LEN00007802;;шт;LYNX
LYNXauto;Рулевой наконечник;C4057R;CET-115R;;CET-115R C4057R  рулевой наконечник LYNXauto;LYNX/SE рулевые наконечники;LEN00007803;;шт;LYNX
LYNXauto;Рулевой наконечник;C4125L;CET-116L;;CET-116L C4125L рулевой наконечник LYNXauto;LYNX/SE рулевые наконечники;LEN00009287;;шт;LYNX
LYNXauto;Рулевой наконечник;C4125R;CET-116R;;CET-116R C4125R рулевой наконечник LYNXauto;LYNX/SE рулевые наконечники;LEN00009288;;шт;LYNX
LYNXauto;Стойка стабилизатора;C4125R;CET-116R;;CET-116R C4125R стойка стабилизатора  LYNXauto;LYNX/SE рулевые наконечники;LEN00012104;;шт;LYNX
LYNXauto;Рулевой наконечник;C4294L;CET-117L;;CET-117L C4294L рулевой наконечник LYNXauto;LYNX/SE рулевые наконечники;LEN00005145;;шт;LYNX
LYNXauto;Рулевой наконечник;C4294R;CET-117R;;CET-117R C4294R рулевой наконечник LYNXauto;LYNX/SE рулевые наконечники;LEN00005146;;шт;LYNX
LYNXauto;Рулевой наконечник;C4399L;CET-133L;;CET-133L C4399L рулевой наконечник LYNXauto;LYNX/SE рулевые наконечники;LEN00010425;;шт;LYNX
LYNXauto;Рулевой наконечник;C4399R;CET-133R;;CET-133R C4399R рулевой наконечник LYNXauto;LYNX/SE рулевые наконечники;LEN00010426;;шт;LYNX
LYNXauto;Рулевой наконечник;C4396R;CET-160;;CET-160 C4396R рулевой наконечник LYNXauto;LYNX/SE рулевые наконечники;LEN00010077;;шт;LYNX
LYNXauto;Рулевой наконечник;C4396L;CET-161;;CET-161 C4396L рулевой наконечник LYNXauto;LYNX/SE рулевые наконечники;LEN00010076;;шт;LYNX
LYNXauto;Рулевой наконечник;C4386R;CET-176;;CET-176 C4386R рулевой наконечник LYNXauto;LYNX/SE рулевые наконечники;LEN00013924;;шт;LYNX
LYNXauto;Рулевой наконечник;C4386L;CET-177;;CET-177 C4386L рулевой наконечник LYNXauto;LYNX/SE рулевые наконечники;LEN00013923;;шт;LYNX
LYNXauto;Рулевой наконечник;C4387L;CET-214L;;CET-214L C4387L рулевой наконечник LYNXauto;LYNX/SE рулевые наконечники;LEN00011323;;шт;LYNX
LYNXauto;Рулевой наконечник;C4387R;CET-214R;;CET-214R C4387R рулевой наконечник LYNXauto;LYNX/SE рулевые наконечники;LEN00011324;;шт;LYNX
LYNXauto;Рулевой наконечник;C4032LR;CET-59;;CET-59 рулевой наконечник C4032LR LYNXauto;LYNX/SE рулевые наконечники;LEN00004621;;шт;LYNX
LYNXauto;Рулевой наконечник;C4031LR;CET-83;;CET-83, C4031LR рулевой наконечник LYNXauto;LYNX/SE рулевые наконечники;LEN00009111;;шт;LYNX
LYNXauto;Рулевой наконечник;C4055R;CET-90;;CET-90, C4055R рулевой наконечник LYNXauto;LYNX/SE рулевые наконечники;LEN00004218;;шт;LYNX
LYNXauto;Рулевой наконечник;C4055L;CET-91;;CET-91, C4055L рулевой наконечник LYNXauto;LYNX/SE рулевые наконечники;LEN00004217;;шт;LYNX
LYNXauto;Рулевой наконечник;C4040LR;CET-92;;CET-92, C4040LR рулевой наконечник LYNXauto;LYNX/SE рулевые наконечники;LEN00009012;;шт;LYNX
LYNXauto;Рулевой наконечник;C4039LR;CET-93;;CET-93, C4039LR рулевой наконечник LYNXauto;LYNX/SE рулевые наконечники;LEN00013411;;шт;LYNX
LYNXauto;Рулевой наконечник;C4060L;CET-98;;CET-98 C4060L рулевой наконечник LYNXauto;LYNX/SE рулевые наконечники;LEN00005430;;шт;LYNX
LYNXauto;Рулевой наконечник;C4060R;CET-99;;CET-99 C4060R рулевой наконечник LYNXauto;LYNX/SE рулевые наконечники;LEN00005431;;шт;LYNX
LYNXauto;Стойка стабилизатора передняя;C7504LR;;;0123-CAMF C7504LR ТЯГА СТАБИЛИЗАТОРА ПЕРЕДНЯЯ LYNXauto;LYNX/SL стойка стабилизатора;LEN00013068;;шт;LYNX
LYNXauto;Стойка стабилизатора;C7005LR;;;C7005LR Стойка стабилизатора | перед прав/лев | LYNXauto;LYNX/SL стойка стабилизатора;LEN00011305;;шт;LYNX
LYNXauto;Стойка стабилизатора;C7006LR;;;C7006LR стойка стабилизатора  LYNX;LYNX/SL стойка стабилизатора;LEN00010994;;шт;LYNX
LYNXauto;Стойка стабилизатора;C7082L;;;C7082L стойка стабилизатора  LYNXauto;LYNX/SL стойка стабилизатора;LEN00011751;;шт;LYNX
LYNXauto;Стойка стабилизатора;C7082R;;;C7082R стойка стабилизатора  LYNXauto;LYNX/SL стойка стабилизатора;LEN00011752;;шт;LYNX
LYNXauto;Стойка стабилизатора;C7227L;;;C7227L стойка стабилизатора  LYNX;LYNX/SL стойка стабилизатора;LEN00009230;;шт;LYNX
LYNXauto;Стойка стабилизатора;C7227R;;;C7227R стойка стабилизатора  LYNX;LYNX/SL стойка стабилизатора;LEN00009231;;шт;LYNX
LYNXauto;Стойка стабилизатора;C7270LR;;;C7270LR стойка стабилизатора  LYNXauto;LYNX/SL стойка стабилизатора;LEN00011042;;шт;LYNX
LYNXauto;Стойка стабилизатора;C7282LR;;;C7282LR стойка стабилизатора  LYNXauto;LYNX/SL стойка стабилизатора;LEN00014836;;шт;LYNX
LYNXauto;Стойка стабилизатора;C7310LR;;;C7310LR стойка стабилизатора  LYNX;LYNX/SL стойка стабилизатора;LEN00011077;;шт;LYNX
LYNXauto;Стойка стабилизатора;C7314LR;;;C7314LR стойка стабилизатора  LYNX;LYNX/SL стойка стабилизатора;LEN00009379;;шт;LYNX
LYNXauto;Стойка стабилизатора;C7420LR;;;C7420LR стойка стабилизатора  LYNX;LYNX/SL стойка стабилизатора;LEN00006449;;шт;LYNX
LYNXauto;Стойка стабилизатора;C7425LR;;;C7425LR стойка стабилизатора  LYNX;LYNX/SL стойка стабилизатора;LEN00009141;;шт;LYNX
LYNXauto;Стойка стабилизатора;C7451LR;;;C7451LR Стойка стабилизатора | перед прав/лев | LYNXauto;LYNX/SL стойка стабилизатора;LEN00013672;;шт;LYNX
LYNXauto;Стойка стабилизатора;C7457LR;;;C7457LR стойка стабилизатора  LYNXauto;LYNX/SL стойка стабилизатора;LEN00011953;;шт;LYNX
LYNXauto;Стойка стабилизатора;C7465LR;;;C7465LR стойка стабилизатора  LYNX;LYNX/SL стойка стабилизатора;LEN00009550;;шт;LYNX
LYNXauto;Стойка стабилизатора;C7484LR;;;C7484LR стойка стабилизатора  LYNX;LYNX/SL стойка стабилизатора;LEN00009540;;шт;LYNX
LYNXauto;Стойка стабилизатора;C7487LR;;;C7487LR стойка стабилизатора  LYNX;LYNX/SL стойка стабилизатора;LEN00007517;;шт;LYNX
LYNXauto;Стойка стабилизатора;C7490L;;;C7490L стойка стаб. перед. LYNX;LYNX/SL стойка стабилизатора;LEN00006680;;шт;LYNX
LYNXauto;Стойка стабилизатора;C7490R;;;C7490R стойка стаб. перед. LYNX;LYNX/SL стойка стабилизатора;LEN00006681;;шт;LYNX
LYNXauto;Стойка стабилизатора;C7498L;;;C7498L стойка стабилизатора  LYNXauto;LYNX/SL стойка стабилизатора;LEN00010671;;шт;LYNX
LYNXauto;Стойка стабилизатора;C7498R;;;C7498R стойка стабилизатора  LYNXauto;LYNX/SL стойка стабилизатора;LEN00010672;;шт;LYNX
LYNXauto;Стойка стабилизатора;C7506R;;;C7506R Стойка стабилизатора| LYNXauto;LYNX/SL стойка стабилизатора;LEN00013513;;шт;LYNX
LYNXauto;Стойка стабилизатора;C7508LR;;;C7508LR стойка стабилизатора  LYNX;LYNX/SL стойка стабилизатора;LEN00009721;;шт;LYNX
LYNXauto;Стойка стабилизатора;C7526LR;;;C7526LR Стойка стабилизатора | перед прав/лев | LYNXauto;LYNX/SL стойка стабилизатора;LEN00012215;;шт;LYNX
LYNXauto;Стойка стабилизатора;C7048R;CLHO-10;;CLHO-10 C7048R стойка стабилизатора  LYNXauto;LYNX/SL стойка стабилизатора;LEN00007977;;шт;LYNX
LYNXauto;Стойка стабилизатора;C7048L;CLHO-11;;CLHO-11 C7048L стойка стабилизатора  LYNXauto;LYNX/SL стойка стабилизатора;LEN00007978;;шт;LYNX
LYNXauto;Стойка стабилизатора;C7050R;CLHO-12;;CLHO-12 C7050R стойка стабилизатора  LYNXauto;LYNX/SL стойка стабилизатора;LEN00011796;;шт;LYNX
LYNXauto;Стойка стабилизатора;C7050L;CLHO-13;;CLHO-13 C7050L стойка стабилизатора  LYNXauto;LYNX/SL стойка стабилизатора;LEN00011797;;шт;LYNX
LYNXauto;Стойка стабилизатора;C7090R;CLHO-18;;CLHO-18 C7090R стойка стабилизатора  LYNXauto;LYNX/SL стойка стабилизатора;LEN00012376;;шт;LYNX
LYNXauto;Стойка стабилизатора;C7090L;CLHO-19;;CLHO-19 C7090L стойка стабилизатора  LYNXauto;LYNX/SL стойка стабилизатора;LEN00012377;;шт;LYNX
LYNXauto;Стойка стабилизатора;C7010LR;CLHO-2;;CLHO-2 стойка стабилизатора C7010LR LYNX;LYNX/SL стойка стабилизатора;LEN00004513;;шт;LYNX
LYNXauto;Стойка стабилизатора;C7051R;CLHO-21;;CLHO-21, C7051R стойка стабилизатора LYNXauto;LYNX/SL стойка стабилизатора;LEN00004627;;шт;LYNX
LYNXauto;Стойка стабилизатора;C7051L;CLHO-22;;CLHO-22, C7051L стойка стабилизатора LYNXauto;LYNX/SL стойка стабилизатора;LEN00013296;;шт;LYNX
LYNXauto;Стойка стабилизатора;C7363R;CLHO-43;;CLHO-43 C7363R стойка стабилизатора /SL-6325R/ LYNXauto;LYNX/SL стойка стабилизатора;LEN00005336;;шт;LYNX
LYNXauto;Стойка стабилизатора;C7363L;CLHO-44;;CLHO-44 C7363L стойка стабилизатора LYNXauto;LYNX/SL стойка стабилизатора;LEN00010760;;шт;LYNX
LYNXauto;Стойка стабилизатора;C7047R;CLHO-6;;CLHO-6 C7047R стойка стабилизатора  LYNXauto;LYNX/SL стойка стабилизатора;LEN00011259;;шт;LYNX
LYNXauto;Стойка стабилизатора;C7470R;CLHO-60;;CLHO-60 C7470R стойка стабилизатора  LYNXauto;LYNX/SL стойка стабилизатора;LEN00014204;;шт;LYNX
LYNXauto;Стойка стабилизатора;C7470L;CLHO-61;;CLHO-61 C7470L стойка стабилизатора  LYNXauto;LYNX/SL стойка стабилизатора;LEN00014205;;шт;LYNX
LYNXauto;Стойка стабилизатора;C7047L;CLHO-7;;CLHO-7 C7047L стойка стабилизатора  LYNXauto;LYNX/SL стойка стабилизатора;LEN00011260;;шт;LYNX
LYNXauto;Стойка стабилизатора;C7364LR;CLHO-70;;CLHO-70 C7364LR стойка стабилизатора  LYNXauto;LYNX/SL стойка стабилизатора;LEN00014073;;шт;LYNX
LYNXauto;Стойка стабилизатора;C7074R;CLHO-72;;CLHO-72 C7074R стойка стабилизатора  LYNX;LYNX/SL стойка стабилизатора;LEN00005737;;шт;LYNX
LYNXauto;Стойка стабилизатора;C7074L;CLHO-73;;CLHO-73 C7074L стойка стабилизатора  LYNX;LYNX/SL стойка стабилизатора;LEN00005736;;шт;LYNX
LYNXauto;Стойка стабилизатора;C7421LR;CLHO-75;;CLHO-75 C7421LR стойка стабилизатора LYNXauto;LYNX/SL стойка стабилизатора;LEN00013684;;шт;LYNX
LYNXauto;Стойка стабилизатора;C7101R;CLM-15;;CLM-15 C7101R стойка стаб. перед. LYNX;LYNX/SL стойка стабилизатора;LEN00003294;;шт;LYNX
LYNXauto;Стойка стабилизатора;C7101L;CLM-16;;CLM-16 C7101L стойка стаб. перед. LYNX;LYNX/SL стойка стабилизатора;LEN00003293;;шт;LYNX
LYNXauto;Стойка стабилизатора;C7213LR;CLMZ-12;;CLMZ-12 / C7213LR стойка стабилизатора LYNX;LYNX/SL стойка стабилизатора;LEN00011712;;шт;LYNX
LYNXauto;Стойка стабилизатора;C7019LR;CLN-1;;CLN-1 / C7019LR стойка стабилизатора LYNX;LYNX/SL стойка стабилизатора;LEN00006901;;шт;LYNX
LYNXauto;Стойка стабилизатора;C7413L;CLN-10;;CLN-10 / C7413L стойка стабилизатора LYNXauto;LYNX/SL стойка стабилизатора;LEN00013488;;шт;LYNX
LYNXauto;Стойка стабилизатора;C7413R;CLN-11;;CLN-11 / C7413R стойка стабилизатора LYNXauto;LYNX/SL стойка стабилизатора;LEN00013487;;шт;LYNX
LYNXauto;Стойка стабилизатора;C7104LR;CLN-17;;CLN-17 / C7104LR стойка стабилизатора LYNX;LYNX/SL стойка стабилизатора;LEN00002468;3055143;шт;LYNX
LYNXauto;Стойка стабилизатора;C7415R;CLN-26;;CLN-26 / C7415R стойка стабилизатора LYNXauto;LYNX/SL стойка стабилизатора;LEN00013491;;шт;LYNX
LYNXauto;Стойка стабилизатора;C7254R;CLN-35;;CLN-35  C7254R стойка стабилизатора LYNX;LYNX/SL стойка стабилизатора;LEN00006295;;шт;LYNX
LYNXauto;Стойка стабилизатора;C7254L;CLN-36;;CLN-36  C7254L стойка стабилизатора LYNX;LYNX/SL стойка стабилизатора;LEN00006294;;шт;LYNX
LYNXauto;Стойка стабилизатора;C7410LR;CLN-38;;CLN-38 / C7410LR стойка стабилизатора LYNXauto;LYNX/SL стойка стабилизатора;LEN00014392;;шт;LYNX
LYNXauto;Стойка стабилизатора;C7245LR;CLN-51;;CLN-51 / C7245LR стойка стабилизатора LYNXauto;LYNX/SL стойка стабилизатора;LEN00009082;;шт;LYNX
LYNXauto;Стойка стабилизатора;C7415L;CLN-55;;CLN-55 / C7415L стойка стабилизатора LYNXauto;LYNX/SL стойка стабилизатора;LEN00013490;;шт;LYNX
LYNXauto;Стойка стабилизатора;C7416R;CLN-56;;CLN-56 / C7416R стойка стабилизатора LYNXauto;LYNX/SL стойка стабилизатора;LEN00012439;;шт;LYNX
LYNXauto;Стойка стабилизатора;C7416L;CLN-57;;CLN-57 / C7416L стойка стабилизатора LYNXauto;LYNX/SL стойка стабилизатора;LEN00012438;;шт;LYNX
LYNXauto;Стойка стабилизатора;C7287LR;CLS-9;;CLS-9 C7287LR стойка стабилизатора LYNXauto;LYNX/SL стойка стабилизатора;LEN00014189;;шт;LYNX
LYNXauto;Стойка стабилизатора;C7284LR;CLSU-1;;CLSU-1 C7284LR стойка стабилизатора LYNXauto;LYNX/SL стойка стабилизатора;2379;;шт;LYNX
LYNXauto;Стойка стабилизатора;C7059L;CLT-14;;CLT-14 C7059L стойка стабилизатора  LYNXauto;LYNX/SL стойка стабилизатора;LEN00007576;;шт;LYNX
LYNXauto;Стойка стабилизатора;C7059R;CLT-15;;CLT-15 C7059R стойка стабилизатора  LYNXauto;LYNX/SL стойка стабилизатора;LEN00007577;;шт;LYNX
LYNXauto;Стойка стабилизатора;C7033LR;CLT-16;;CLT-16 C7033LR стойка стабилизатора  LYNXauto;LYNX/SL стойка стабилизатора;LEN00011816;;шт;LYNX
LYNXauto;Стойка стабилизатора;C7092LR;CLT-19;;CLT-19 C7092LR стойка стабилизатора LYNXauto;LYNX/SL стойка стабилизатора;LEN00006004;;шт;LYNX
LYNXauto;Стойка стабилизатора;C7037LR;CLT-2;;CLT-2 C7037LR стойка стабилизатора LYNXauto;LYNX/SL стойка стабилизатора;LEN00005245;;шт;LYNX
LYNXauto;Стойка стабилизатора;C7034LR;CLT-29;;CLT-29 C7034LR стойка стабилизатора LYNXauto;LYNX/SL стойка стабилизатора;LEN00008127;;шт;LYNX
LYNXauto;Стойка стабилизатора;C7110LR;CLT-41;;CLT-41 C7110LR стойка стабилизатора LYNXauto;LYNX/SL стойка стабилизатора;LEN00010246;;шт;LYNX
LYNXauto;Стойка стабилизатора;C7011LR;CLT-42;;CLT-42 C7011LR стойка стабилизатора LYNXauto;LYNX/SL стойка стабилизатора;LEN00009112;;шт;LYNX
LYNXauto;Стойка стабилизатора;C7096LR;CLT-43;;CLT-43 C7096LR стойка стабилизатора LYNXauto;LYNX/SL стойка стабилизатора;LEN00005000;;шт;LYNX
LYNXauto;Стойка стабилизатора;C7060R;CLT-5;;CLT-5 стойка стабилизатора /C7060R/ LYNX;LYNX/SL стойка стабилизатора;LEN00004494;;шт;LYNX
LYNXauto;Стойка стабилизатора;C7060L;CLT-6;;CLT-6 стойка стабилизатора /C7060L/ LYNX;LYNX/SL стойка стабилизатора;LEN00004495;;шт;LYNX
LYNXauto;Стойка стабилизатора;C7293LR;CLT-62;;CLT-62 C7293LR стойка стабилизатора LYNXauto;LYNX/SL стойка стабилизатора;LEN00011931;;шт;LYNX
LYNXauto;Стойка стабилизатора;C7106R;CLT-64;;CLT-64 C7106R стойка стабилизатора LYNXauto;LYNX/SL стойка стабилизатора;LEN00013794;;шт;LYNX
LYNXauto;Стойка стабилизатора;C7106L;CLT-65;;CLT-65 C7106L стойка стабилизатора LYNXauto;LYNX/SL стойка стабилизатора;LEN00013793;;шт;LYNX
LYNXauto;Стойка стабилизатора;C7466LR;CLT-67;;CLT-67 стойка стабилизатора /C7466LR/ LYNXauto;LYNX/SL стойка стабилизатора;LEN00014608;;шт;LYNX
LYNXauto;Стойка стабилизатора;C7296LR;CLT-69;;CLT-69 C7296LR стойка стабилизатора  LYNXauto;LYNX/SL стойка стабилизатора;LEN00007300;;шт;LYNX
LYNXauto;Стойка стабилизатора;C7058L;CLT-7;;CLT-7 C7058L стойка стабилизатора LYNXauto;LYNX/SL стойка стабилизатора;LEN00005075;;шт;LYNX
LYNXauto;Стойка стабилизатора;C7292R;CLT-70;;CLT-70 C7292R стойка стабилизатора LYNXauto;LYNX/SL стойка стабилизатора;LEN00013363;;шт;LYNX
LYNXauto;Стойка стабилизатора;C7292L;CLT-71;;CLT-71 C7292L стойка стабилизатора LYNXauto;LYNX/SL стойка стабилизатора;LEN00013364;;шт;LYNX
LYNXauto;Стойка стабилизатора;C7058R;CLT-8;;CLT-8 C7058R стойка стабилизатора LYNXauto;LYNX/SL стойка стабилизатора;LEN00005076;;шт;LYNX
LYNXauto;Стойка стабилизатора;C7294LR;CLT-95;;CLT-95 C7294LR стойка стабилизатора LYNXauto;LYNX/SL стойка стабилизатора;LEN00010759;;шт;LYNX
LYNXauto;Стойка стабилизатора;SS-5505;;;SS-5505 стойка стабилизатора LYNX;LYNX/SL стойка стабилизатора;AMR00001392;3005278;шт;LYNX
LYNXauto;Стойка стабилизатора;SS-7540;;;SS-7540 стойка стабилизатора LYNX;LYNX/SL стойка стабилизатора;AMR00000397;3005228;шт;LYNX
LYNXauto;Тяга рулевая;C2073LR;;;C2073LR Тяга рулевая | перед прав/лев | LYNXauto;LYNX/SR Тяга рулевая;LEN00013156;;шт;LYNX
LYNXauto;Тяга рулевая;C2078LR;;;C2078LR Тяга рулевая | перед прав/лев | LYNXauto;LYNX/SR Тяга рулевая;LEN00013769;;шт;LYNX
LYNXauto;Тяга рулевая;C2123LR;;;C2123LR Тяга рулевая | перед прав/лев | LYNXauto;LYNX/SR Тяга рулевая;LEN00012661;;шт;LYNX
LYNXauto;Тяга рулевая;C2133LR;;;C2133LR Тяга рулевая | перед прав/лев | LYNXauto;LYNX/SR Тяга рулевая;LEN00014547;;шт;LYNX
LYNXauto;Тяга рулевая;C2214LR;;;C2214LR Тяга рулевая | перед прав/лев | LYNXauto;LYNX/SR Тяга рулевая;LEN00011301;;шт;LYNX
LYNXauto;Тяга рулевая;C2387LR;;;C2387LR  рулевая тяга LYNXauto;LYNX/SR Тяга рулевая;LEN00013599;;шт;LYNX
LYNXauto;Тяга рулевая;C2439LR;;;C2439LR Тяга рулевая | перед прав/лев | LYNXauto;LYNX/SR Тяга рулевая;LEN00011270;;шт;LYNX
LYNXauto;Тяга рулевая;C2470LR;;;C2470LR Тяга рулевая | перед прав/лев | LYNXauto;LYNX/SR Тяга рулевая;LEN00011858;;шт;LYNX
LYNXauto;Тяга рулевая;C2536LR;;;C2536LR Тяга рулевая | перед прав/лев | LYNXauto;LYNX/SR Тяга рулевая;LEN00011470;;шт;LYNX
LYNXauto;Тяга рулевая;C2011LR;CRHO-17;;CRHO-17 тяга рулевая C2011LR LYNXauto;LYNX/SR Тяга рулевая;LEN00011798;;шт;LYNX
LYNXauto;Тяга рулевая;C2075LR;CRHO-34;;CRHO-34 тяга рулевая C2075LR LYNXauto;LYNX/SR Тяга рулевая;LEN00011866;;шт;LYNX
LYNXauto;Тяга рулевая;C2149LR;CRHO-35;;CRHO-35 тяга рулевая C2149LR LYNXauto;LYNX/SR Тяга рулевая;LEN00006625;;шт;LYNX
LYNXauto;Тяга рулевая;C2142LR;CRHO-50;;CRHO-50 тяга рулевая C2142LR LYNXauto;LYNX/SR Тяга рулевая;LEN00009675;;шт;LYNX
LYNXauto;Тяга рулевая;C2017LR;CRM-13;;CRM-13 /C2017LR рулевая тяга LYNX;LYNX/SR Тяга рулевая;LEN00006826;;шт;LYNX
LYNXauto;Тяга рулевая;C2019LR;CRM-15;;CRM-15 /C2019LR рулевая тяга LYNX;LYNX/SR Тяга рулевая;LEN00007692;;шт;LYNX
LYNXauto;Тяга рулевая;C2015LR;CRMZ-44;;CRMZ-44 /C2015LR рулевая тяга LYNXauto;LYNX/SR Тяга рулевая;LEN00011076;;шт;LYNX
LYNXauto;Тяга рулевая;C2442LR;CRMZ-53;;CRMZ-53 C2442LR Тяга рулевая | перед прав/лев | LYNXauto;LYNX/SR Тяга рулевая;LEN00011698;;шт;LYNX
LYNXauto;Тяга рулевая;C2086LR;CRN-12;;CRN-12 C2086LR  рулевая тяга LYNXauto;LYNX/SR Тяга рулевая;LEN00012115;;шт;LYNX
LYNXauto;Тяга рулевая;C2021LR;CRN-16;;CRN-16/C2021LR  рулевая тяга LYNXauto;LYNX/SR Тяга рулевая;LEN00009052;;шт;LYNX
LYNXauto;Тяга рулевая;SR-5726;CRN-21;;CRN-21/SR-5726 рулевая тяга LYNX;LYNX/SR Тяга рулевая;AMR00001984;SR-5726;шт;LYNX
LYNXauto;Тяга рулевая;C2027LR;CRN-22;;CRN-22/C2027LR рулевая тяга LYNX;LYNX/SR Тяга рулевая;LEN00012475;;шт;LYNX
LYNXauto;Тяга рулевая;C2022LR;CRN-24;;CRN-24 тяга рулевая C2022LR LYNXauto;LYNX/SR Тяга рулевая;LEN00007855;;шт;LYNX
LYNXauto;Тяга рулевая;C2023LR;CRN-25;;CRN-25 тяга рулевая C2023LR LYNXauto;LYNX/SR Тяга рулевая;LEN00011137;;шт;LYNX
LYNXauto;Тяга рулевая;C2411LR;CRN-29;;CRN-29 тяга рулевая C2411LR LYNXauto;LYNX/SR Тяга рулевая;LEN00012203;;шт;LYNX
LYNXauto;Тяга рулевая;C2381LR;CRN-35;;CRN-35 C2381LR  рулевая тяга LYNXauto;LYNX/SR Тяга рулевая;LEN00013249;;шт;LYNX
LYNXauto;Тяга рулевая;C2397LR;CRN-48;;CRN-48 C2397LR  рулевая тяга LYNXauto;LYNX/SR Тяга рулевая;LEN00013474;;шт;LYNX
LYNXauto;Тяга рулевая;C2384LR;CRN-51;;CRN-51 C2384LR  рулевая тяга LYNXauto;LYNX/SR Тяга рулевая;LEN00013121;;шт;LYNX
LYNXauto;Тяга рулевая;C2020LR;CRN-8;;CRN-8 тяга рулевая C2020LR  LYNXauto;LYNX/SR Тяга рулевая;LEN00011037;;шт;LYNX
LYNXauto;Тяга рулевая;C2481LR;CRT-101;;CRT-101 тяга рулевая C2481LR LYNXauto;LYNX/SR Тяга рулевая;LEN00012441;;шт;LYNX
LYNXauto;Тяга рулевая;C2033LR;CRT-22;;CRT-22 тяга рулевая C2033LR LYNXauto;LYNX/SR Тяга рулевая;LEN00012175;;шт;LYNX
LYNXauto;Тяга рулевая;C2041LR;CRT-28;;CRT-28 тяга рулевая C2041LR LYNXauto;LYNX/SR Тяга рулевая;LEN00007792;;шт;LYNX
LYNXauto;Тяга рулевая;C2035LR;CRT-34;;CRT-34 тяга рулевая  C2035LR LYNXauto;LYNX/SR Тяга рулевая;LEN00008889;;шт;LYNX
LYNXauto;Тяга рулевая;C2046LR;CRT-36;;CRT-36 тяга рулевая  C2046LR LYNXauto;LYNX/SR Тяга рулевая;LEN00009011;;шт;LYNX
LYNXauto;Тяга рулевая;C2036LR;CRT-37;;CRT-37 тяга рулевая /SR-2970/ C2036LR LYNX;LYNX/SR Тяга рулевая;LEN00004504;;шт;LYNX
LYNXauto;Тяга рулевая;C2058LR;CRT-47;;CRT-47 тяга рулевая C2058LR LYNXauto;LYNX/SR Тяга рулевая;LEN00005432;;шт;LYNX
LYNXauto;Тяга рулевая;C2032LR;CRT-50;;CRT-50 C2032LR рулевая тяга LYNX;LYNX/SR Тяга рулевая;AMR00000465;3005337;шт;LYNX
LYNXauto;Тяга рулевая;C2032LR;CRT-50;;CRT-50 тяга рулевая C2032LR LYNXauto;LYNX/SR Тяга рулевая;LEN00012092;;шт;LYNX
LYNXauto;Тяга рулевая;C2042LR;CRT-54;;CRT-54 /C2042LR рулевая тяга LYNX;LYNX/SR Тяга рулевая;LEN00004231;;шт;LYNX
LYNXauto;Тяга рулевая;C2417LR;CRT-58;;CRT-58 тяга рулевая C2417LR LYNXauto;LYNX/SR Тяга рулевая;LEN00008714;;шт;LYNX
LYNXauto;Тяга рулевая;C2270LR;CRT-71;;CRT-71 C2270LR рулевая тяга LYNXauto;LYNX/SR Тяга рулевая;LEN00011668;;шт;LYNX
LYNXauto;Тяга рулевая;C2096LR;CRT-73;;CRT-73 /C2096LR рулевая тяга LYNXauto;LYNX/SR Тяга рулевая;LEN00009922;;шт;LYNX
LYNXauto;Тяга рулевая;C2426LR;CRT-75;;CRT-75 /C2426LR рулевая тяга LYNXauto;LYNX/SR Тяга рулевая;LEN00010424;;шт;LYNX
LYNXauto;Тяга рулевая;C2273LR;CRT-77;;CRT-77 /C2273LR рулевая тяга LYNXauto;LYNX/SR Тяга рулевая;LEN00006523;;шт;LYNX
LYNXauto;Тяга рулевая;C2394LR;CRT-78;;CRT-78 /C2394LR рулевая тяга LYNXauto;LYNX/SR Тяга рулевая;LEN00012785;;шт;LYNX
LYNXauto;Тяга рулевая;C2093LR;CRT-96;;CRT-96 тяга рулевая C2093LR LYNXauto;LYNX/SR Тяга рулевая;LEN00013483;;шт;LYNX
LYNXauto;Тяга рулевая;C2037LR;SR-3811;;SR-3811 C2037LR рулевая тяга LYNX;LYNX/SR Тяга рулевая;LEN00006033;;шт;LYNX
LYNXauto;Тяга рулевая;C2008LR;SR-6240;;SR-6240 C2008LR рулевая тяга LYNXauto;LYNX/SR Тяга рулевая;LEN00004461;;шт;LYNX
LYNXauto;Тяга рулевая;SR-7518;;;SR-7518 рулевая тяга LYNX;LYNX/SR Тяга рулевая;LEN00000288;3005265;шт;LYNX
LYNXauto;Рычаг подвески;C5094R;;;C5094R рычаг подвески нижний F/R LYNXauto;LYNX/SR Тяга рулевая;LEN00006273;;шт;LYNX
LYNXauto;Рычаг маятниковый;C6013;;;C6013 рычаг маятника LYNXauto;LYNX/SR Тяга рулевая;LEN00006964;;шт;LYNX
SUFIX;Рулевой наконечник;SE-1203;CEHO-27;;CEHO-27 SE-1203 рулевой наконечник SUFIX;SUFIX/рулевые наконечники;LEN00013995;;шт;SUFIX
SUFIX;Рулевой наконечник;SE-1013;CEHO-6L;;CEHO-6L SE-1013 рулевой наконечник SUFIX;SUFIX/рулевые наконечники;LEN00014773;;шт;SUFIX
SUFIX;Рулевой наконечник;SE-1014;CEHO-6R;;CEHO-6R SE-1014 рулевой наконечник SUFIX;SUFIX/рулевые наконечники;LEN00014772;;шт;SUFIX
SUFIX;Рулевой наконечник;SE-1432;CEMZ-39;;CEMZ-39 SE-1432 рулевой наконечник SUFIX;SUFIX/рулевые наконечники;LEN00012217;;шт;SUFIX
SUFIX;Рулевой наконечник;SE-1037;CEN-115;;CEN-115 SE1037 рулевой наконечник SUFIX;SUFIX/рулевые наконечники;LEN00014481;;шт;SUFIX
SUFIX;Рулевой наконечник;SE-1036;CEN-116;;CEN-116 SE1036 рулевой наконечник SUFIX;SUFIX/рулевые наконечники;LEN00014482;;шт;SUFIX
SUFIX;Рулевой наконечник;SE-1062;CEN-124;;CEN-124 SE1062 рулевой наконечник SUFIX;SUFIX/рулевые наконечники;LEN00012597;;шт;SUFIX
SUFIX;Рулевой наконечник;SE-1061;CEN-125;;CEN-125 SE1061 рулевой наконечник SUFIX;SUFIX/рулевые наконечники;LEN00012598;;шт;SUFIX
SUFIX;Рулевой наконечник;SE-1008;CEN-47;;CEN-47 SE-1008 рулевой наконечник  SUFIX;SUFIX/рулевые наконечники;LEN00012907;;шт;SUFIX
SUFIX;Рулевой наконечник;SE-1007;CEN-98;;CEN-98 SE-1007 рулевой наконечник SUFIX;SUFIX/рулевые наконечники;1853;;шт;SUFIX
SUFIX;Рулевой наконечник;SE-1089;CES-17;;CES-17 SE-1089 рулевой наконечник SUFIX;SUFIX/рулевые наконечники;LEN00014693;;шт;SUFIX
SUFIX;Рулевой наконечник;SE-1019;CET-115L;;CET-115L SE1019  рулевой наконечник SUFIX;SUFIX/рулевые наконечники;LEN00012081;;шт;SUFIX
SUFIX;Рулевой наконечник;SE-1020;CET-115R;;CET-115R SE1020  рулевой наконечник SUFIX;SUFIX/рулевые наконечники;LEN00012082;;шт;SUFIX
SUFIX;Рулевой наконечник;SE-1011;CET-59;;CET-59 SE-1011 рулевой наконечник SUFIX;SUFIX/рулевые наконечники;LEN00004116;;шт;SUFIX
SUFIX;Рулевой наконечник;SE-1010;CET-83;;CET-83 SE1010 рулевой наконечник SUFIX;SUFIX/рулевые наконечники;LEN00010066;;шт;SUFIX
SUFIX;Рулевой наконечник;SE-1018;CET-90;;CET-90 SE-1018 рулевой наконечник SUFIX;SUFIX/рулевые наконечники;LEN00012285;;шт;SUFIX
SUFIX;Рулевой наконечник;SE-1017;CET-91;;CET-91 SE-1017 рулевой наконечник SUFIX;SUFIX/рулевые наконечники;679;45047-29075;шт;SUFIX
SUFIX;Рулевой наконечник;SE-1012;CET-92;;CET-92 SE1012  рулевой наконечник SUFIX;SUFIX/рулевые наконечники;LEN00003993;SAT;шт;SUFIX
SUFIX;Рулевой наконечник;SE-1044;;;SE-1044  рулевой наконечник SUFIX;SUFIX/рулевые наконечники;LEN00012007;SAT;шт;SUFIX
SUFIX;Стойка стабилизатора передняя;SJ-1101;;;0123-YAR SJ1101 ТЯГА СТАБИЛИЗАТОРА ПЕРЕДНЯЯ SUFIX;SUFIX/стойки стабилизатора;LEN00011589;;шт;SUFIX
SUFIX;Стойка стабилизатора;SJ-1017;CLHO-10;;CLHO-10 SJ-1017 стойка стабилизатора  SUFIX;SUFIX/стойки стабилизатора;LEN00012862;;шт;SUFIX
SUFIX;Стойка стабилизатора;SJ-1016;CLHO-11;;CLHO-11 SJ-1016 стойка стабилизатора  SUFIX;SUFIX/стойки стабилизатора;LEN00012863;;шт;SUFIX
SUFIX;Стойка стабилизатора;SJ-1019;CLHO-12;;CLHO-12 SJ-1019 стойка стабилизатора  SUFIX;SUFIX/стойки стабилизатора;LEN00004515;;шт;SUFIX
SUFIX;Стойка стабилизатора;SJ-1018;CLHO-13;;CLHO-13 SJ-1018 стойка стабилизатора  SUFIX;SUFIX/стойки стабилизатора;LEN00004516;;шт;SUFIX
SUFIX;Стойка стабилизатора;SJ-1007;CLHO-2;;CLHO-2 SJ-1007 стойка стабилизатора  SUFIX;SUFIX/стойки стабилизатора;LEN00015108;;шт;SUFIX
SUFIX;Стойка стабилизатора;SJ-1626;CLHO-97L;;CLHO-97L SJ-1626 стойка стабилизатора SUFIX;SUFIX/стойки стабилизатора;LEN00013987;;шт;SUFIX
SUFIX;Стойка стабилизатора;SJ-1625;CLHO-97R;;CLHO-97R SJ-1625 стойка стабилизатора SUFIX;SUFIX/стойки стабилизатора;LEN00013988;;шт;SUFIX
SUFIX;Стойка стабилизатора;SJ-1086;CLM-28;;CLM-28 SJ-1086 стойка стабилизатора SUFIX;SUFIX/стойки стабилизатора;LEN00013329;;шт;SUFIX
SUFIX;Стойка стабилизатора;SJ-1023;CLN-22;;CLN-22 стойка стабилизатора SJ-1023 SUFIX;SUFIX/стойки стабилизатора;LEN00012648;;шт;SUFIX
SUFIX;Стойка стабилизатора;SJ-1022;CLN-23;;CLN-23 стойка стабилизатора SJ-1022 SUFIX;SUFIX/стойки стабилизатора;LEN00012649;;шт;SUFIX
SUFIX;Стойка стабилизатора;SJ-1080;CLN-35;;CLN-35  SJ-1080 стойка стабилизатора SUFIX;SUFIX/стойки стабилизатора;LEN00011842;;шт;SUFIX
SUFIX;Стойка стабилизатора;SJ-1079;CLN-36;;CLN-36  SJ-1079 стойка стабилизатора SUFIX;SUFIX/стойки стабилизатора;LEN00011843;;шт;SUFIX
SUFIX;Стойка стабилизатора;SJ-1078;CLN-54;;CLN-54 SJ-1078 стойка стабилизатора SUFIX;SUFIX/стойки стабилизатора;LEN00011833;;шт;SUFIX
SUFIX;Стойка стабилизатора;SJ-1576;CLN-71;;CLN-71 SJ-1576 стойка стабилизатора SUFIX;SUFIX/стойки стабилизатора;LEN00013392;;шт;SUFIX
SUFIX;Стойка стабилизатора;SJ-1094;CLS-9;;CLS-9 SJ1094 стойка стабилизатора SUFIX;SUFIX/стойки стабилизатора;LEN00014853;;шт;SUFIX
SUFIX;Стойка стабилизатора;SJ-1037;CLT-17;;CLT-17/SJ-1037 стойка стабилизатора SUFIX;SUFIX/стойки стабилизатора;LEN00012575;;шт;SUFIX
SUFIX;Стойка стабилизатора;SJ-1013;CLT-2;;CLT-2 SJ-1013 стойка стабилизатора SUFIX;SUFIX/стойки стабилизатора;LEN00012546;;шт;SUFIX
SUFIX;Стойка стабилизатора;SJ-1012;CLT-29;;CLT-29 SJ-1012 стойка стабилизатора SUFIX;SUFIX/стойки стабилизатора;LEN00000219;;шт;SUFIX
SUFIX;Стойка стабилизатора;SJ-1046;CLT-41;;CLT-41 SJ-1046 стойка стабилизатора SUFIX;SUFIX/стойки стабилизатора;LEN00012232;;шт;SUFIX
SUFIX;Стойка стабилизатора;SJ-1400;CLT-48;;CLT-48 SJ-1400 стойка стабилизатора SUFIX;SUFIX/стойки стабилизатора;LEN00013785;;шт;SUFIX
SUFIX;Стойка стабилизатора;SJ-1024;CLT-7;;CLT-7 SJ1024 стойка стабилизатора SUFIX;SUFIX/стойки стабилизатора;LEN00011211;;шт;SUFIX
SUFIX;Стойка стабилизатора;SJ-1025;CLT-8;;CLT-8 SJ1025 стойка стабилизатора SUFIX;SUFIX/стойки стабилизатора;LEN00014241;;шт;SUFIX
SUFIX;Тяга рулевая;SD-1275;CRHO-15;;CRHO-15 SD-1275 Тяга рулевая SUFIX;SUFIX/тяги рулевые;LEN00014774;;шт;SUFIX
SUFIX;Тяга рулевая;SD-1005;CRT-34;;CRT-34 SD1005 тяга рулевая SUFIX;SUFIX/тяги рулевые;LEN00004219;;шт;SUFIX
SUFIX;Тяга рулевая;SR-6240;;SD-1125;SR-6240 SD-1125 рулевая тяга SUFIX;SUFIX/тяги рулевые;LEN00013993;;шт;SUFIX
SUFIX;Шаровая опора;SG-1039;C1144LR;;C1144LR  SG1039  шаровая опора SUFIX;SUFIX/шаровые опоры;LEN00011886;;шт;SUFIX
SUFIX;Шаровая опора;SG-1109;CBHO-14;;CBHO-14 SG-1109 шаровая опора SUFIX;SUFIX/шаровые опоры;LEN00014753;;шт;SUFIX
SUFIX;Шаровая опора;SG-1009;CBHO-16;;CBHO-16 SG-1009 шаровая опора SUFIX;SUFIX/шаровые опоры;LEN00011197;;шт;SUFIX
SUFIX;Шаровая опора;SG-1008;CBHO-28;;CBHO-28 SG-1008 опора шаровая SUFIX;SUFIX/шаровые опоры;LEN00012531;;шт;SUFIX
SUFIX;Шаровая опора;SG-1236;CBHO-49;;CBHO-49 SG-1236 шаровая опора SUFIX;SUFIX/шаровые опоры;LEN00012501;;шт;SUFIX
SUFIX;Шаровая опора;SG-1018;CBN-30;;CBN-30 SG-1018 шаровая опора SUFIX;SUFIX/шаровые опоры;LEN00012106;;шт;SUFIX
SUFIX;Шаровая опора;SG-1176;CBN-36;;CBN-36 SG-1176 шаровая опора SUFIX;SUFIX/шаровые опоры;LEN00014699;;шт;SUFIX
SUFIX;Шаровая опора;SG-1407;CBN-70;;CBN-70/SG-1407  шаровая опора SUFIX;SUFIX/шаровые опоры;LEN00014483;;шт;SUFIX
SUFIX;Шаровая опора;SG-1054;CBN-78;;CBN-78/SG-1054  шаровая опора SUFIX;SUFIX/шаровые опоры;LEN00012354;;шт;SUFIX
SUFIX;Шаровая опора;SG-1560;CBT-25;;CBT-25 SG-1560 шаровая опора SUFIX;SUFIX/шаровые опоры;LEN00012797;;шт;SUFIX
SUFIX;Шаровая опора;SG-1314;CBT-29;;CBT-29 SG-1314 шаровая опора SUFIX;SUFIX/шаровые опоры;LEN00012798;;шт;SUFIX
SUFIX;Шаровая опора;SG-1096;CBT-38L;;CBT-38L  SG-1096 шаровая опора SUFIX;SUFIX/шаровые опоры;LEN00012533;;шт;SUFIX
SUFIX;Шаровая опора;SG-1097;CBT-38R;;CBT-38R  SG-1097 шаровая опора SUFIX;SUFIX/шаровые опоры;LEN00012534;;шт;SUFIX
SUFIX;Шаровая опора;SG-1022;CBT-40;;CBT-40 SG-1022 шаровая опора SUFIX;SUFIX/шаровые опоры;LEN00004004;;шт;SUFIX
SUFIX;Шаровая опора;SG-1089;CBT-44L;;CBT-44L SG-1089 шаровые опоры нижняя SUFIX;SUFIX/шаровые опоры;AMR00001466;;шт;SUFIX
SUFIX;Шаровая опора;SG-1088;CBT-44R;;CBT-44R SG-1088 шаровая опора нижняя SUFIX;SUFIX/шаровые опоры;AMR00001467;;шт;SUFIX
SUFIX;Шаровая опора;SG-1217;CBT-46;;CBT-46 SG1217 шаровая опора SUFIX;SUFIX/шаровые опоры;LEN00014065;;шт;SUFIX
SUFIX;Шаровая опора;SG-1227;CBT-56;;CBT-56 SG-1227 шаровая опора SUFIX;SUFIX/шаровые опоры;AMR00000346;;шт;SUFIX
Ti-Guar;Рулевой наконечник;TG-45047-19115;CET-115L;45047-19115;CET-115L TG-45047-19115  рулевой наконечник TI-GUAR;TI-GUAR/РУЛЕВЫЕ НАКОНЕЧНИКИ;LEN00011926;;шт;TI-GUAR
Ti-Guar;Рулевой наконечник;TG-45046-02040;CET-115R;45046-02040;CET-115R TG-45046-02040 рулевой наконечник TI-GUAR;TI-GUAR/РУЛЕВЫЕ НАКОНЕЧНИКИ;LEN00006897;;шт;TI-GUAR
Ti-Guar;Рулевой наконечник;TG-45460-39575;CET-151;45460-39575;CET-151 TG-45460-39575  рулевой наконечник TI-GUAR;TI-GUAR/РУЛЕВЫЕ НАКОНЕЧНИКИ;LEN00012774;;шт;TI-GUAR
Ti-Guar;Рулевой наконечник;TG-45470-39205;CET-152;45470-39205;CET-152 TG-45470-39205  рулевой наконечник TI-GUAR;TI-GUAR/РУЛЕВЫЕ НАКОНЕЧНИКИ;LEN00012773;;шт;TI-GUAR
Ti-Guar;Рулевой наконечник;SE-T201R;CET-176;;CET-176 SE-T201R рулевой наконечник TI-GUAR;TI-GUAR/РУЛЕВЫЕ НАКОНЕЧНИКИ;692;45046-29355;шт;TI-GUAR
Ti-Guar;Рулевой наконечник;SE-T201L;CET-177;;CET-177 SE-T201L рулевой наконечник TI-GUAR;TI-GUAR/РУЛЕВЫЕ НАКОНЕЧНИКИ;691;45047-29115;шт;TI-GUAR
Ti-Guar;Рулевой наконечник;TG-45046-29305;CET-59;45046-29305;CET-59 TG-45046-29305 рулевой наконечник TI-GUAR;TI-GUAR/РУЛЕВЫЕ НАКОНЕЧНИКИ;LEN00006893;;шт;TI-GUAR
Ti-Guar;Стойка стабилизатора передняя;TG-48819-52010;;48819-52010;0123-YAR 48819-52010 ТЯГА СТАБИЛИЗАТОРА ПЕРЕДНЯЯ TI-GUAR;TI-GUAR/СТОЙКИ СТАБИЛИЗАТОРА;LEN00012136;;шт;TI-GUAR
Ti-Guar;Стойка стабилизатора;TG-SL014;CLHO-75;;CLHO-75 TG-SL014 стойка стабилизатора TI-GUAR;TI-GUAR/СТОЙКИ СТАБИЛИЗАТОРА;LEN00012015;;шт;TI-GUAR
Ti-Guar;Стойка стабилизатора;TG-54618-4M400;CLN-1;54618-4M400;CLN-1 TG-54618-4M400 тяга стабилизатора TI-GUAR;TI-GUAR/СТОЙКИ СТАБИЛИЗАТОРА;743;;шт;TI-GUAR
Ti-Guar;Стойка стабилизатора;TG-48830-42021;CLT-115;48830-42021;CLT-115 TG-48830-42021 стойка стабилизатора TI-GUAR;TI-GUAR/СТОЙКИ СТАБИЛИЗАТОРА;LEN00015044;;шт;TI-GUAR
Ti-Guar;Стойка стабилизатора;SL-3755;CLT-17;;CLT-17/SL-3755 стойка стабилизатора TI-GUAR;TI-GUAR/СТОЙКИ СТАБИЛИЗАТОРА;LEN00008233;;шт;TI-GUAR
Ti-Guar;Стойка стабилизатора;;CLT-2;;CLT-2 стойка стабилизатора TI-GUAR;TI-GUAR/СТОЙКИ СТАБИЛИЗАТОРА;LEN00004651;;шт;TI-GUAR
Ti-Guar;Стойка стабилизатора;TG-48820-02030;CLT-29;48820-02030;CLT-29 48820-02030 тяга стабилизатора TI-GUAR;TI-GUAR/СТОЙКИ СТАБИЛИЗАТОРА;737;;шт;TI-GUAR
Ti-Guar;Стойка стабилизатора;TG-48020-02030;CLT-29;48020-02030;CLT-29 TG-48020-02030 стойка стабилизатора TI-GUAR;TI-GUAR/СТОЙКИ СТАБИЛИЗАТОРА;LEN00003994;;шт;TI-GUAR
Ti-Guar;Стойка стабилизатора;TG-48820-33010;CLT-4;48820-33010;CLT-4 48820-33010 стойка стабилизатора /SL-2960/ TI-GUAR;TI-GUAR/СТОЙКИ СТАБИЛИЗАТОРА;LEN00007173;;шт;TI-GUAR
Ti-Guar;Стойка стабилизатора;TG-48820-42020;CLT-50;48820-42020;CLT-50 /48820-42020/стойка стабилизатора /SL-3920/TI-GUAR;TI-GUAR/СТОЙКИ СТАБИЛИЗАТОРА;LEN00007706;;шт;TI-GUAR
Ti-Guar;Стойка стабилизатора;TG-48820-42030;CLT-62;48820-42030;CLT-62 TG-48820-42030 стойка стабилизатора TI-GUAR;TI-GUAR/СТОЙКИ СТАБИЛИЗАТОРА;LEN00005607;;шт;TI-GUAR
Ti-Guar;Стойка стабилизатора;TG-48810-20020;CLT-7;48810-20020;CLT-7, 48810-20020 стойка стабилизатора TI-GUAR;TI-GUAR/СТОЙКИ СТАБИЛИЗАТОРА;LEN00012102;;шт;TI-GUAR
Ti-Guar;Стойка стабилизатора;TG-48820-20040;CLT-8;48820-20040;CLT-8, 48820-20040 стойка стабилизатора TI-GUAR;TI-GUAR/СТОЙКИ СТАБИЛИЗАТОРА;LEN00012103;;шт;TI-GUAR
Ti-Guar;Стойка стабилизатора;TG-48803-48010;CLT-89L;48803-48010;CLT-89L / 48803-48010/стойка стабилизатора TI-GUAR;TI-GUAR/СТОЙКИ СТАБИЛИЗАТОРА;LEN00009008;;шт;TI-GUAR
Ti-Guar;Стойка стабилизатора;TG-48802-48010;CLT-89R;48802-48010;CLT-89R / 48802-48010/стойка стабилизатора TI-GUAR;TI-GUAR/СТОЙКИ СТАБИЛИЗАТОРА;LEN00009009;;шт;TI-GUAR
Ti-Guar;Тяга рулевая;TG-53010-S2H-J02;CRHO-34;53010-S2H-J02;CRHO-34 /TG-53010-S2H-J02  рулевая тяга TI-GUAR;TI-GUAR/ТЯГИ РУЛЕВЫЕ;LEN00012042;;шт;TI-GUAR
Ti-Guar;Тяга рулевая;TG-53010-SMA-013;CRHO-73;53010-SMA-013;CRHO-73 TG-53010-SMA-013 тяга рулевая  TI-GUAR;TI-GUAR/ТЯГИ РУЛЕВЫЕ;LEN00013695;;шт;TI-GUAR
Ti-Guar;Тяга рулевая;TG-45503-01030;CRT-132;45503-01030;CRT-132 /TG-45503-01030  рулевая тяга TI-GUAR;TI-GUAR/ТЯГИ РУЛЕВЫЕ;LEN00014202;;шт;TI-GUAR
Ti-Guar;Тяга рулевая;TG-45503-29365;CRT-28;45503-29365;CRT-28 TG-45503-29365 тяга рулевая TI-GUAR;TI-GUAR/ТЯГИ РУЛЕВЫЕ;LEN00009716;;шт;TI-GUAR
Ti-Guar;Тяга рулевая;TG-45503-29485;CRT-36;45503-29485;CRT-36 45503-29485 рулевая тяга TI-GUAR;TI-GUAR/ТЯГИ РУЛЕВЫЕ;697;;шт;TI-GUAR
Ti-Guar;Шаровая опора;TG-1702970;;1702970;1702970  шаровая опора TI-GUAR;TI-GUAR/ШАРОВЫЕ ОПОРЫ;LEN00008080;;шт;TI-GUAR
Ti-Guar;Шаровая опора;TG-51220-SR3-003;CBHO-16;51220-SR3-003;CBHO-16 TG-51220-SR3-003 шаровые опоры  TI-GUAR;TI-GUAR/ШАРОВЫЕ ОПОРЫ;778;;шт;TI-GUAR
Ti-Guar;Шаровая опора;TG-51270-SR3-023;CBHO-28;51270-SR3-023;CBHO-28 TG-51270-SR3-023 опора шаровая TI-GUAR;TI-GUAR/ШАРОВЫЕ ОПОРЫ;LEN00002477;;шт;TI-GUAR
Ti-Guar;Шаровая опора;TG-51220-S9A-982;CBHO-32;51220-S9A-982;CBHO-32 TG-51220-S9A-982 шаровая опора TI-GUAR;TI-GUAR/ШАРОВЫЕ ОПОРЫ;LEN00004448;;шт;TI-GUAR
Ti-Guar;Шаровая опора;TG-54530-25000;CBKH-7;54530-25000;CBKH-7 Шароваяопора TG-54530-25000/SB-8012 TiGuar;TI-GUAR/ШАРОВЫЕ ОПОРЫ;LEN00009443;;шт;TI-GUAR
Ti-Guar;Шаровая опора;TG-40110-T6025;CBN-11;40110-T6025;CBN-11 TG-40110-T6025 шаровая опора  TI-GUAR;TI-GUAR/ШАРОВЫЕ ОПОРЫ;LEN00005065;;шт;TI-GUAR
Ti-Guar;Шаровая опора;TG-40160-50W25;CBN-21;40160-50W25;CBN-21 TG-40160-50W25 шаровая опора TI-GUAR;TI-GUAR/ШАРОВЫЕ ОПОРЫ;LEN00010966;;шт;TI-GUAR
Ti-Guar;Шаровая опора;TG-40160-4M400;CBN-30;40160-4M400;CBN-30 TG-40160-4M400 шаровая опора TI-GUAR;TI-GUAR/ШАРОВЫЕ ОПОРЫ;LEN00004074;;шт;TI-GUAR
Ti-Guar;Шаровая опора;TG-40160-0W025;CBN-64;40160-0W025;CBN-64 TG-40160-0W025 шаровая опора  TI-GUAR;TI-GUAR/ШАРОВЫЕ ОПОРЫ;LEN00009495;;шт;TI-GUAR
Ti-Guar;Шаровая опора;TG-40160-9W200;CBN-71;40160-9W200;CBN-71 Шаровая опора TG-40160-9W200/SB-4942 TiGuar;TI-GUAR/ШАРОВЫЕ ОПОРЫ;LEN00009166;;шт;TI-GUAR
Ti-Guar;Шаровая опора;TG-43330-39225;CBT-10;43330-39225;CBT-10 TG-43330-39225  шаровые опоры  TI-GUAR;TI-GUAR/ШАРОВЫЕ ОПОРЫ;LEN00012527;;шт;TI-GUAR
Ti-Guar;Шаровая опора;TG-48770-33010;CBT-12;48770-33010;CBT-12 48770-33010 опора шаровая TI-GUAR;TI-GUAR/ШАРОВЫЕ ОПОРЫ;LEN00001625;;шт;TI-GUAR
Ti-Guar;Шаровая опора;TG-43340-19025;CBT-38L;43340-19025;CBT-38L  TG-43340-19025 шаровая опора TI-GUAR;TI-GUAR/ШАРОВЫЕ ОПОРЫ;LEN00011398;;шт;TI-GUAR
Ti-Guar;Шаровая опора;TG-43330-19085;CBT-38R;43330-19085;CBT-38R  TG-43330-19085 шаровая опора TI-GUAR;TI-GUAR/ШАРОВЫЕ ОПОРЫ;LEN00011399;;шт;TI-GUAR
Ti-Guar;Шаровая опора;TG-43330-19095;CBT-40;43330-19095;CBT-40 TG-43330-19095 шаровая опора TI-GUAR;TI-GUAR/ШАРОВЫЕ ОПОРЫ;LEN00002256;;шт;TI-GUAR
Ti-Guar;Шаровая опора;TG-43340-29145;CBT-44L;43340-29145;CBT-44L/TG-43340-29145/ шаровая опора TI-GUAR;TI-GUAR/ШАРОВЫЕ ОПОРЫ;LEN00003996;;шт;TI-GUAR
Ti-Guar;Шаровая опора;TG-43330-29275;CBT-44R;43330-29275;CBT-44R/TG-43330-29275/ шаровая опора TI-GUAR;TI-GUAR/ШАРОВЫЕ ОПОРЫ;LEN00003995;;шт;TI-GUAR
Ti-Guar;Шаровая опора;TG-43340-29175;CBT-57L;43340-29175;CBT-57L 43340-29175 шаровая опора TI-GUAR;TI-GUAR/ШАРОВЫЕ ОПОРЫ;LEN00006003;;шт;TI-GUAR
Ti-Guar;Шаровая опора;TG-43310-29065;CBT-84;43310-29065;CBT-84 TG-43310-29065 шаровая опора TI-GUAR;TI-GUAR/ШАРОВЫЕ ОПОРЫ;LEN00004552;;шт;TI-GUAR
Ti-Guar;Шаровая опора;TG-51270-SR3-023;SB-6191;51270-SR3-023;SB-6191 TG-51270-SR3-023  шаровая опора TI-GUAR;TI-GUAR/ШАРОВЫЕ ОПОРЫ;LEN00008148;54208;шт;TI-GUAR
Ti-Guar;Шаровая опора;TG-40160-AX00B;SB-N162;40160-AX00B;SB-N162 шаровые опоры TG-40160-AX00B Ti-Guar;TI-GUAR/ШАРОВЫЕ ОПОРЫ;781;;шт;TI-GUAR
Ti-Guar;Шаровая опора;TG-BJ0022;;;TG-BJ0022  шаровая опора TI-GUAR;TI-GUAR/ШАРОВЫЕ ОПОРЫ;LEN00012958;;шт;TI-GUAR
